"Genus(zh)","Genus(la)","Family","Feeding","CP","Genus.Average.Mass","Family.Average.Mass"
,"Hartertia","Hartertiidae","Animal parasites",,,
,"Africana","Heterakidae","Animal parasites",,,387.121
,"Heterakis","Heterakidae","Animal parasites",,387.121,387.121
,"Angusticaecum","Ascarididae","Animal parasites",,,1328679.075
,"Baylisascaris","Ascarididae","Animal parasites",,,1328679.075
,"Freitascaris","Ascarididae","Animal parasites",,,1328679.075
,"Histodytes","Guyanemidae","Animal parasites",,6249.486,3143.404
,"Orneoascaris","Ascarididae","Animal parasites",,,1328679.075
,"Ornithocapillaria","Trichuridae","Animal parasites",,,240513.096
,"Raillietascaris","Ascarididae","Animal parasites",,,1328679.075
,"Seuratascaris","Ascarididae","Animal parasites",,,1328679.075
,"Travassosascaris","Ascarididae","Animal parasites",,,1328679.075
,"Abathymermis","Mermithidae","Animal parasites",,530.303,7216.208
,"Abbreviata","Physalopteridae","Animal parasites",,1466.162,18886.119
,"Abirovulva","Carnoyidae","Animal parasites",,,118.275
,"Abos","Benthimermithidae","Animal parasites",,,6304.123
,"Acanthoatractis","Atractidae","Animal parasites",,,187.652
,"Acanthocheilonema","Onchocercidae","Animal parasites",,3944.183,24238.879
,"Acanthorhabdias","Rhabdiasidae","Animal parasites",,,
,"Acanthostrongylus","Heligmonellidae","Animal parasites",,,360.479
,"Acanthoxyuris","Oxyuridae","Animal parasites",,,863.815
,"Acanthungella","Ungellidae","Animal parasites",,,13.088
,"Adenodelphis","Benthimermithidae","Animal parasites",,,6304.123
,"Adieronema","Drilonematidae","Animal parasites",,,15.394
,"Adungella","Ungellidae","Animal parasites",,,13.088
,"Aelurostrongylus","Angiostrongylidae","Animal parasites",,38,994.307
,"Africanastrongylus","Haemonchidae","Animal parasites",,,1360.112
,"Afrophilometra","Philometridae","Animal parasites",,,91031.098
,"Agamermis","Mermithidae","Animal parasites",,,7216.208
,"Agfa","Agfidae","Animal parasites",,,
,"Agriostomum","Chabertiidae","Animal parasites",,,3726.289
,"Agrochanus","Skrjabillanidae","Animal parasites",,,1.495
,"Akodonema","Angiostrongylidae","Animal parasites",,999.633,994.307
,"Alaninema","Drilonematidae","Animal parasites",,,15.394
,"Aliascaris","Heterocheilidae","Animal parasites",,,246831.767
,"Allantonema","Allantonematidae","Animal parasites",,,46.474
,"Allintoshius","Ornithostrongylidae","Animal parasites",,,174.203
,"Allomermis","Mermithidae","Animal parasites",,,7216.208
,"Alocostoma","Chabertiidae","Animal parasites",,,3726.289
,"Amidostomoides","Trichostrongylidae","Animal parasites",,96.554,88.593
,"Amidostomum","Trichostrongylidae","Animal parasites",,109.287,88.593
,"Amphibiomermis","Mermithidae","Animal parasites",,,7216.208
,"Amphibiophilus","Amphibiophilidae","Animal parasites",,,50.95
,"Amphicephaloides","Herpetostrongylidae","Animal parasites",,,73.871
,"Amphidomermis","Mermithidae","Animal parasites",,,7216.208
,"Amphimermis","Mermithidae","Animal parasites",,11634.369,7216.208
,"Anandranema","Allantonematidae","Animal parasites",,,46.474
,"Anatrichosoma","Trichosomoididae","Animal parasites",,,
,"Ancistronema","Chabertiidae","Animal parasites",,,3726.289
,"Ancylostoma","Ancylostomatidae","Animal parasites",,1557.892,1808.409
,"Andersonstrongylus","Angiostrongylidae","Animal parasites",,223.328,994.307
,"Angiocaulus","Angiostrongylidae","Animal parasites",,,994.307
,"Angiostoma","Angiostomatidae","Animal parasites",,67.327,67.327
,"Angiostrongylus","Angiostrongylidae","Animal parasites",,1513.267,994.307
,"Anguillicola","Anguillicolidae","Animal parasites",,49219.175,42464.743
,"Anguillicoloides","Anguillicolidae","Animal parasites",,28955.878,42464.743
,"Angulocirrus","Molineidae","Animal parasites",,,757.114
,"Anisakis","Anisakidae","Animal parasites",,,51504.243
,"Anomalostoma","Hystrignathidae","Animal parasites",,,67.62
,"Anoplostrongylus","Molineidae","Animal parasites",,89.55,757.114
,"Ansiruptodera","Aspidoderidae","Animal parasites",,,314.02
,"Antechinostrongylus","Angiostrongylidae","Animal parasites",,,994.307
,"Anuronema","Hystrignathidae","Animal parasites",,,67.62
,"Aoruroides","Thelastomatidae","Animal parasites",,,235.402
,"Aorurus","Thelastomatidae","Animal parasites",,,235.402
,"Aphelenchulus","Allantonematidae","Animal parasites",,,46.474
,"Aplectana","Cosmocercidae","Animal parasites",,114.9,871.917
,"Aprocta","Aproctidae","Animal parasites",,,9434.472
,"Aproctoides","Aproctidae","Animal parasites",,,9434.472
,"Aproctonema","Tetradonematidae","Animal parasites",,,37.871
,"Araguanema","Drilonematidae","Animal parasites",,11.446,15.394
,"Archeostrongylus","Syngamidae","Animal parasites",,,51051.297
,"Arnfieldia","Trichostrongylidae","Animal parasites",,,88.593
,"Arthrostoma","Ancylostomatidae","Animal parasites",,,1808.409
,"Artigasia","Hystrignathidae","Animal parasites",,,67.62
,"Arundelia","Chabertiidae","Animal parasites",,,3726.289
,"Aruroides","Thelastomatidae","Animal parasites",,,235.402
,"Ascaridia","Ascaridiidae","Animal parasites",,338894.628,1328679.075
,"Ascaris","Ascarididae","Animal parasites",,5510322.097,1328679.075
,"Ascarophis","Cystidicolidae","Animal parasites",,51.981,562.575
,"Ascarophisnema","Cystidicolidae","Animal parasites",,,562.575
,"Ascarops","Spirocercidae","Animal parasites",,1758.656,1758.656
,"Ashworthus","Haemonchidae","Animal parasites",,,1360.112
,"Aspicularis","Heteroxynematidae","Animal parasites",,131.973,141.559
,"Aspidodera","Aspidoderidae","Animal parasites",,314.02,314.02
,"Asymmetracantha","Mackerrastrongylidae","Animal parasites",,,
,"Athusia","Drilonematidae","Animal parasites",,,15.394
,"Atractis","Atractidae","Animal parasites",,1004.501,187.652
,"Aulachnema","Angiostomatidae","Animal parasites",,,67.327
,"Austraplectana","Cosmocercidae","Animal parasites",,280.484,871.917
,"Austrostrongylus","Herpetostrongylidae","Animal parasites",,,73.871
,"Austroxyuris","Oxyuridae","Animal parasites",,,863.815
,"Avellaria","Viannaiidae","Animal parasites",,,25.089
,"Avioserpens","Dracunculidae","Animal parasites",,,
,"Bainechina","Seuratidae","Animal parasites",,,
,"Bakeria","Molineidae","Animal parasites",,75.149,757.114
,"Baruscapillaria","Capillariidae","Animal parasites",,0.018,57.668
,"Bathymermis","Mermithidae","Animal parasites",,,7216.208
,"Bathynema","Benthimermithidae","Animal parasites",,,6304.123
,"Batrachocamallanus","Camallanidae","Animal parasites",,,2996.315
,"Batrachonema","Amphibiophilidae","Animal parasites",,,50.95
,"Batrachostrongylus","Molineidae","Animal parasites",,,757.114
,"Batwanema","Hystrignathidae","Animal parasites",,15.606,67.62
,"Beaninema","Rhabdochonidae","Animal parasites",,,353.999
,"Benthimermis","Benthimermithidae","Animal parasites",,,6304.123
,"Beveridgea","Chabertiidae","Animal parasites",,,3726.289
,"Beveridgiella","Herpetostrongylidae","Animal parasites",,,73.871
,"Biacantha","Molineidae","Animal parasites",,,757.114
,"Bidentostomum","Strongylidae","Animal parasites",,,40735.171
,"Bidigicaudata","Molineidae","Animal parasites",,,757.114
,"Bilobostoma","Thelastomatidae","Animal parasites",,,235.402
,"Binema","Travassosinematidae","Animal parasites",,64.27,64.27
,"Biogastranema","Cooperiidae","Animal parasites",,,438.176
,"Bispiculum","Tetradonematidae","Animal parasites",,,37.871
,"Blatticola","Thelastomatidae","Animal parasites",,157.594,235.402
,"Blattophila","Thelastomatidae","Animal parasites",,,235.402
,"Blazionema","Thelastomatidae","Animal parasites",,,235.402
,"Bloberinema","Thelastomatidae","Animal parasites",,,235.402
,"Boehmiella","Boehmiellidae","Animal parasites",,2672.87,2672.87
,"Boracelanema","Hystrignathidae","Animal parasites",,,67.62
,"Borellostrongylus","Molineidae","Animal parasites",,,757.114
,"Bourgelatia","Chabertiidae","Animal parasites",,,3726.289
,"Bourgelatioides","Chabertiidae","Animal parasites",,,3726.289
,"Bovienema","Allantonematidae","Animal parasites",,,46.474
,"Boydinema","Syngamidae","Animal parasites",,,51051.297
,"Bradynema","Allantonematidae","Animal parasites",,74.187,46.474
,"Bradypostrongylus","Molineidae","Animal parasites",,,757.114
,"Brevimulticaecum","Heterocheilidae","Animal parasites",,,246831.767
,"Brevistriata","Heligmonellidae","Animal parasites",,,360.479
,"Bronchonema","Dictyocaulidae","Animal parasites",,,9121.451
,"Brugia","Onchocercidae","Animal parasites",,460.492,24238.879
,"Brumptaemilius","Carnoyidae","Animal parasites",,,118.275
,"Brygoonema","Molineidae","Animal parasites",,,757.114
,"Buckleyatractis","Atractidae","Animal parasites",,1318.092,187.652
,"Buckleynema","Quimperiidae","Animal parasites",,,49.987
,"Bulbodacnitis","Cucullanidae","Animal parasites",,,2404.157
,"Bunomystrongylus","Heligmonellidae","Animal parasites",,,360.479
,"Bunostomum","Ancylostomatidae","Animal parasites",,3305.445,1808.409
,"Burmanema","Drilonematidae","Animal parasites",,,15.394
,"Caballonema","Strongylidae","Animal parasites",,,40735.171
,"Caenostrongylus","Molineidae","Animal parasites",,,757.114
,"Calodium","Capillariidae","Animal parasites",,,57.668
,"Calypsostrongylus","Heligmonellidae","Animal parasites",,,360.479
,"Camallanides","Camallanidae","Animal parasites",,,2996.315
,"Camallanus","Camallanidae","Animal parasites",,415.614,2996.315
,"Camelostrongylus","Haemonchidae","Animal parasites",,,1360.112
,"Cameronia","Thelastomatidae","Animal parasites",,,235.402
,"Capillaria","Capillariidae","Animal parasites",,62.337,57.668
,"Capillispirura","Cystidicolidae","Animal parasites",,,562.575
,"Capitomermis","Mermithidae","Animal parasites",,,7216.208
,"Caranginema","Philometridae","Animal parasites",,,91031.098
,"Cardiofilaria","Oswaldofilariidae","Animal parasites",,,1826.172
,"Carlosia","Hystrignathidae","Animal parasites",,,67.62
,"Carnoya","Carnoyidae","Animal parasites",,,118.275
,"Carolinensis","Heligmonellidae","Animal parasites",,,360.479
,"Carostrongylus","Molineidae","Animal parasites",,,757.114
,"Cassunema","Chabertiidae","Animal parasites",,,3726.289
,"Castorstrongylus","Chabertiidae","Animal parasites",,,3726.289
,"Cattiena","Carnoyidae","Animal parasites",,,118.275
,"Cephalobellus","Thelastomatidae","Animal parasites",,296.496,235.402
,"Ceratospira","Thelaziidae","Animal parasites",,,9768.474
,"Cercogylus","Angiostrongylidae","Animal parasites",,,994.307
,"Cercopithifilaria","Onchocercidae","Animal parasites",,,24238.879
,"Cervonemella","Chabertiidae","Animal parasites",,,3726.289
,"Chabaudechina","Seuratidae","Animal parasites",,,
,"Chabaudgolvania","Quimperiidae","Animal parasites",,,49.987
,"Chabaudistrongylus","Angiostrongylidae","Animal parasites",,,994.307
,"Chabaudstrongylus","Cooperiidae","Animal parasites",,,438.176
,"Chabaudus","Quimperiidae","Animal parasites",,,49.987
,"Chabertia","Chabertiidae","Animal parasites",,2890.625,3726.289
,"Chabertiella","Chabertiidae","Animal parasites",,,3726.289
,"Chapiniella","Strongylidae","Animal parasites",,,40735.171
,"Cheilospirura","Spiruridae","Animal parasites",,,13920.561
,"Cheiropteronema","Molineidae","Animal parasites",,,757.114
,"Chenospiruria","Habronematidae","Animal parasites",,,3692.59
,"Chitwoodchabaudia","Chitwoodchabaudiidae","Animal parasites",,,
,"Chitwoodiella","Travassosinematidae","Animal parasites",,,64.27
,"Chokwenema","Hystrignathidae","Animal parasites",,53.775,67.62
,"Choniangimum","Strongylidae","Animal parasites",,,40735.171
,"Christiella","Hystrignathidae","Animal parasites",,,67.62
,"Cissophyllus","Kathlaniidae","Animal parasites",,,2239.415
,"Citellinema","Heligmosomidae","Animal parasites",,,389.207
,"Citellinoides","Heligmosomidae","Animal parasites",,,389.207
,"Clavinema","Philometridae","Animal parasites",,53826.25,91031.098
,"Clementeia","Carnoyidae","Animal parasites",,,118.275
,"Cloacina","Chabertiidae","Animal parasites",,1637.623,3726.289
,"Cnizostrongylus","Cooperiidae","Animal parasites",,,438.176
,"Cobboldina","Atractidae","Animal parasites",,,187.652
,"Codiostomum","Strongylidae","Animal parasites",,,40735.171
,"Collarinema","Cystidicolidae","Animal parasites",,,562.575
,"Colobostrongylus","Chabertiidae","Animal parasites",,,3726.289
,"Columbostrongylus","Ornithostrongylidae","Animal parasites",,,174.203
,"Congerinema","Philometridae","Animal parasites",,259477.634,91031.098
,"Contortylenchus","Allantonematidae","Animal parasites",,,46.474
,"Contracaecum","Anisakidae","Animal parasites",,43036.214,51504.243
,"Cooperia","Cooperiidae","Animal parasites",,652.23,438.176
,"Cooperioides","Cooperiidae","Animal parasites",,,438.176
,"Copemania","Nicollinidae","Animal parasites",,12.87,23.271
,"Coprotylenchus","Parasitylenchidae","Animal parasites",,,14.61
,"Cordicauda","Heligmonellidae","Animal parasites",,,360.479
,"Cordonicola","Thelastomatidae","Animal parasites",,,235.402
,"Corethrellonema","Tetradonematidae","Animal parasites",,,37.871
,"Corollonema","Chabertiidae","Animal parasites",,,3726.289
,"Corollostrongylus","Chabertiidae","Animal parasites",,,3726.289
,"Coronastoma","Thelastomatidae","Animal parasites",,,235.402
,"Coronocephalus","Hystrignathidae","Animal parasites",,,67.62
,"Coronocyclus","Strongylidae","Animal parasites",,,40735.171
,"Coronostrongylus","Chabertiidae","Animal parasites",,,3726.289
,"Corpicracens","Thelastomatidae","Animal parasites",,35.724,235.402
,"Corydella","Thelastomatidae","Animal parasites",,,235.402
,"Cosmocephalus","Acuariidae","Animal parasites",,671.629,576.886
,"Cosmocerca","Cosmocercidae","Animal parasites",,,871.917
,"Cosmocercella","Cosmocercidae","Animal parasites",,,871.917
,"Cosmocercoides","Cosmocercidae","Animal parasites",,688.511,871.917
,"Cosmostrongylus","Angiostrongylidae","Animal parasites",,45.199,994.307
,"Cosmoxynemoides","Oxyuridae","Animal parasites",,,863.815
,"Coynema","Hystrignathidae","Animal parasites",,11.078,67.62
,"Cranifera","Thelastomatidae","Animal parasites",,,235.402
,"Crassicauda","Tetrameridae","Animal parasites",,,1758906800.849
,"Craterostomum","Strongylidae","Animal parasites",,,40735.171
,"Creagrocercus","Creagrocercidae","Animal parasites",,,
,"Crenosoma","Crenosomatidae","Animal parasites",,679.122,679.122
,"Crocodylocapillaria","Capillariidae","Animal parasites",,,57.668
,"Crossocephalus","Atractidae","Animal parasites",,,187.652
,"Cruzia","Kathlaniidae","Animal parasites",,,2239.415
,"Cruzostrongylus","Trichostrongylidae","Animal parasites",,,88.593
,"Cucullanus","Cucullanidae","Animal parasites",,2245.799,2404.157
,"Curvicaudatum","Spiruridae","Animal parasites",,,13920.561
,"Cyathostoma","Syngamidae","Animal parasites",,,51051.297
,"Cyathostomum","Strongylidae","Animal parasites",,,40735.171
,"Cyclobulura","Subuluridae","Animal parasites",,,10443.002
,"Cyclodontostomum","Chabertiidae","Animal parasites",,,3726.289
,"Cyclostrongylus","Chabertiidae","Animal parasites",,,3726.289
,"Cylicocyclus","Strongylidae","Animal parasites",,,40735.171
,"Cylicodontophorus","Strongylidae","Animal parasites",,,40735.171
,"Cylicostephanus","Strongylidae","Animal parasites",,,40735.171
,"Cylindropharynx","Strongylidae","Animal parasites",,,40735.171
,"Cyrnea","Habronematidae","Animal parasites",,,3692.59
,"Cyrtosomum","Atractidae","Animal parasites",,,187.652
,"Cystidicola","Cystidicolidae","Animal parasites",,,562.575
,"Cystocaulus","Protostrongylidae","Animal parasites",,,
,"Cystoopsis","Cystoopsidae","Animal parasites",,,3748.222
,"Dacnitoides","Cucullanidae","Animal parasites",,,2404.157
,"Daniconema","Daniconematidae","Animal parasites",,,
,"Daubneyia","Chabertiidae","Animal parasites",,,3726.289
,"Davinema","Thelastomatidae","Animal parasites",,,235.402
,"Decrusta","Strongylidae","Animal parasites",,,40735.171
,"Deletrocephalus","Deletrocephalidae","Animal parasites",,991.73,991.73
,"Delicata","Molineidae","Animal parasites",,,757.114
,"Denticamallanus","Camallanidae","Animal parasites",,,2996.315
,"Dentinema","Cosmocercidae","Animal parasites",,,871.917
,"Dentiphilometra","Philometridae","Animal parasites",,,91031.098
,"Dentirumai","Philometridae","Animal parasites",,,91031.098
,"Dentostomella","Heteroxynematidae","Animal parasites",,,141.559
,"Derettechina","Seuratidae","Animal parasites",,,
,"Desmicola","Thelastomatidae","Animal parasites",,,235.402
,"Desmidocerca","Desmidocercidae","Animal parasites",,,578.871
,"Desmidocercella","Desmidocercidae","Animal parasites",,,578.871
,"Desmognathiema","Quimperiidae","Animal parasites",,,49.987
,"Dessetia","Heligmosomidae","Animal parasites",,,389.207
,"Dessetostrongylus","Herpetostrongylidae","Animal parasites",,,73.871
,"Diaphanocephalus","Diaphanocephalidae","Animal parasites",,544.762,544.762
,"Dicelis","Drilonematidae","Animal parasites",,42.281,15.394
,"Diceloides","Drilonematidae","Animal parasites",,,15.394
,"Diceronema","Atractidae","Animal parasites",,,187.652
,"Dichelyne","Cucullanidae","Animal parasites",,,2404.157
,"Dictyocaulus","Dictyocaulidae","Animal parasites",,9121.451,9121.451
,"Didelphostrongylus","Angiostrongylidae","Animal parasites",,,994.307
,"Didilia","Tetradonematidae","Animal parasites",,,37.871
,"Dioctophyme","Dioctophymatidae","Animal parasites",,,
,"Dioctowittus","Cystoopsidae","Animal parasites",,3748.222,3748.222
,"Diomedenema","Desmidocercidae","Animal parasites",,578.871,578.871
,"Dipetalonema","Onchocercidae","Animal parasites",,,24238.879
,"Diplotriaena","Diplotriaenidae","Animal parasites",,24900.03,24900.03
,"Diplotriaenoides","Diplotriaenidae","Animal parasites",,,24900.03
,"Dirofilaria","Onchocercidae","Animal parasites",,230013.516,24238.879
,"Dolfusstrongylus","Molineidae","Animal parasites",,,757.114
,"Dorcopsinema","Chabertiidae","Animal parasites",,10633.103,3726.289
,"Dorcopsistrongylus","Chabertiidae","Animal parasites",,,3726.289
,"Dracunculus","Dracunculidae","Animal parasites",,,
,"Draschia","Habronematidae","Animal parasites",,1590.791,3692.59
,"Drasica","Ungellidae","Animal parasites",,,13.088
,"Dromaeostrongylus","Molineidae","Animal parasites",,,757.114
,"Dujardinascaris","Heterocheilidae","Animal parasites",,,246831.767
,"Dukerostrongylus","Protosrongylidae","Animal parasites",,,759.052
,"Durettestrongylus","Heligmonellidae","Animal parasites",,,360.479
,"Durikainema","Robertdollfusidae","Animal parasites",,4.972,4.972
,"Echidnonema","Subuluridae","Animal parasites",,10443.002,10443.002
,"Echinocephalus","Gnathostomatidae","Animal parasites",,11579.261,10755.868
,"Echinocoleus","Capillariidae","Animal parasites",,,57.668
,"Elacolenchus","Allantonematidae","Animal parasites",,,46.474
,"Elaeophora","Onchocercidae","Animal parasites",,,24238.879
,"Elaphostrongylus","Protosrongylidae","Animal parasites",,,759.052
,"Encephalonema","Robertdollfusidae","Animal parasites",,,4.972
,"Enterobius","Oxyuridae","Animal parasites",,1337.307,863.815
,"Entomelas","Rhabdiasidae","Animal parasites",,,
,"Epomidiostomum","Trichostrongylidae","Animal parasites",,,88.593
,"Equinurbia","Strongylidae","Animal parasites",,,40735.171
,"Esocinema","Skrjabillanidae","Animal parasites",,,1.495
,"Eucoleus","Capillariidae","Animal parasites",,,57.668
,"Eucyathostomum","Strongylidae","Animal parasites",,,40735.171
,"Eudromoxyura","Heteroxynematidae","Animal parasites",,,141.559
,"Eugenuris","Oxyuridae","Animal parasites",,,863.815
,"Euryconema","Thelastomatidae","Animal parasites",,,235.402
,"Eustrongylides","Dioctophymatidae","Animal parasites",,,
,"Euterranova","Anisakidae","Animal parasites",,30331.934,51504.243
,"Euzetoda","Heligmonellidae","Animal parasites",,,360.479
,"Ezonema","Quimperiidae","Animal parasites",,,49.987
,"Falcaustra","Kathlaniidae","Animal parasites",,1787.995,2239.415
,"Fellicola","Rhabdochonidae","Animal parasites",,,353.999
,"Filaria","Filariidae","Animal parasites",,,12339.818
,"Filarinema","Trichostrongylidae","Animal parasites",,,88.593
,"Filariopsis","Filaroididae","Animal parasites",,,431.316
,"Filaroides","Filaroididae","Animal parasites",,56.778,431.316
,"Filicapitis","Molineidae","Animal parasites",,,757.114
,"Filiponema","Drilonematidae","Animal parasites",,4.088,15.394
,"Filostrongylus","Angiostrongylidae","Animal parasites",,,994.307
,"Fissicauda","Heligmonellidae","Animal parasites",,,360.479
,"Fitsimmonsnema","Atractidae","Animal parasites",,,187.652
,"Flannerystrongylus","Heligmonellidae","Animal parasites",,70.036,360.479
,"Foleyella","Onchocercidae","Animal parasites",,18193.79,24238.879
,"Foliostoma","Chabertiidae","Animal parasites",,,3726.289
,"Fontesia","Molineidae","Animal parasites",,,757.114
,"Fontonema","Thelastomatidae","Animal parasites",,,235.402
,"Formicitylenchus","Allantonematidae","Animal parasites",,,46.474
,"Freitastrongylus","Heligmonellidae","Animal parasites",,131.587,360.479
,"Fuellebornema","Heligmonellidae","Animal parasites",,,360.479
,"Galebia","Thelastomatidae","Animal parasites",,,235.402
,"Galinonema","Thelastomatidae","Animal parasites",,,235.402
,"Gallegostrongylus","Angiostrongylidae","Animal parasites",,,994.307
,"Garkavillanus","Skrjabillanidae","Animal parasites",,,1.495
,"Gastromermis","Mermithidae","Animal parasites",,,7216.208
,"Gatesnema","Drilonematidae","Animal parasites",,,15.394
,"Gazellostrongylus","Cooperiidae","Animal parasites",,,438.176
,"Gedoelstascaris","Heterocheilidae","Animal parasites",,,246831.767
,"Gendria","Quimperiidae","Animal parasites",,,49.987
,"Geopetitia","Tetrameridae","Animal parasites",,,1758906800.849
,"Geoscaphinema","Thelastomatidae","Animal parasites",,,235.402
,"Gibsonema","Quimperiidae","Animal parasites",,,49.987
,"Glabor","Hystrignathidae","Animal parasites",,,67.62
,"Gliroovynylus","Angiostrongylidae","Animal parasites",,,994.307
,"Globocephaloides","Herpetostrongylidae","Animal parasites",,,73.871
,"Globocephalonema","Drilonematidae","Animal parasites",,,15.394
,"Globocephalus","Ancylostomatidae","Animal parasites",,,1808.409
,"Glomerina","Rhigonematidae","Animal parasites",,,968.52
,"Gnathostoma","Gnathostomatidae","Animal parasites",,15922.406,10755.868
,"Goezia","Raphidascarididae","Animal parasites",,4960.867,11457.278
,"Golonchus","Ancylostomatidae","Animal parasites",,,1808.409
,"Golotovatoninema","Thelastomatidae","Animal parasites",,,235.402
,"Gongylonema","Gongylonematidae","Animal parasites",,16796.875,16796.875
,"Gracilioxyuris","Oxyuridae","Animal parasites",,,863.815
,"Granulinema","Micropleuridae","Animal parasites",,,
,"Graphidiella","Amphibiophilidae","Animal parasites",,,50.95
,"Graphidioides","Trichostrongylidae","Animal parasites",,,88.593
,"Graphidiops","Molineidae","Animal parasites",,,757.114
,"Graphidium","Haemonchidae","Animal parasites",,,1360.112
,"Graphinema","Trichostrongylidae","Animal parasites",,,88.593
,"Grassenema","Atractidae","Animal parasites",,,187.652
,"Gubalonus","Diplogastridae","Animal parasites",,,2.388
,"Guerrerostrongylus","Heligmonellidae","Animal parasites",,,360.479
,"Gurltia","Angiostrongylidae","Animal parasites",,,994.307
,"Gyalocephalus","Strongylidae","Animal parasites",,,40735.171
,"Gyrinicola","Pharyngodonidae","Animal parasites",,,568.973
,"Habronema","Habronematidae","Animal parasites",,3242.345,3692.59
,"Hadjelia","Habronematidae","Animal parasites",,,3692.59
,"Hadrostrongylus","Molineidae","Animal parasites",,,757.114
,"Haemonchus","Haemonchidae","Animal parasites",,12538.776,1360.112
,"Halocercus","Pseudaliidae","Animal parasites",,,
,"Hammerschmidtiella","Thelastomatidae","Animal parasites",,,235.402
,"Hamulonema","Haemonchidae","Animal parasites",,,1360.112
,"Hasanuddinia","Heligmonellidae","Animal parasites",,,360.479
,"Hassalstrongylus","Heligmonellidae","Animal parasites",,,360.479
,"Haycocknema","Robertdollfusidae","Animal parasites",,,4.972
,"Hedruris","Hedruridae","Animal parasites",,,
,"Heleidomermis","Mermithidae","Animal parasites",,13.044,7216.208
,"Helgenema","Heligmonellidae","Animal parasites",,14.422,360.479
,"Heliconema","Physalopteridae","Animal parasites",,9793.526,18886.119
,"Heligmonella","Heligmonellidae","Animal parasites",,,360.479
,"Heligmonina","Heligmonellidae","Animal parasites",,,360.479
,"Heligmonoides","Heligmonellidae","Animal parasites",,,360.479
,"Heligmoptera","Heligmosomidae","Animal parasites",,,389.207
,"Heligmosomoides","Heligmosomidae","Animal parasites",,1146.852,389.207
,"Heligmosomum","Heligmosomidae","Animal parasites",,,389.207
,"Heligmostrongylus","Heligmonellidae","Animal parasites",,,360.479
,"Heligosomoides","Trichostrongylidae","Animal parasites",,,88.593
,"Hepatoiarakus","Molineidae","Animal parasites",,,757.114
,"Herpetostrongylus","Herpetostrongylidae","Animal parasites",,73.871,73.871
,"Heterocheilus","Heterocheilidae","Animal parasites",,7969.18,246831.767
,"Heteromorphotylenchus","Parasitylenchidae","Animal parasites",,,14.61
,"Heteromyoxyuris","Oxyuridae","Animal parasites",,,863.815
,"Heterostrongylus","Angiostrongylidae","Animal parasites",,,994.307
,"Heterotylenchus","Parasitylenchidae","Animal parasites",,,14.61
,"Heth","Hethidae","Animal parasites",,31.553,31.553
,"Hexamermis","Mermithidae","Animal parasites",,,7216.208
,"Hexapapillostomum","Trichostrongylidae","Animal parasites",,,88.593
,"Heydenius","Mermithidae","Animal parasites",,,7216.208
,"Hineffia","Viannaiidae","Animal parasites",,,25.089
,"Histiocephalus","Hedruridae","Animal parasites",,,
,"Histiostrongylus","Molineidae","Animal parasites",,,757.114
,"Hoazinstrongylus","Cooperiidae","Animal parasites",,,438.176
,"Homungella","Homungellidae","Animal parasites",,,
,"Howardula","Allantonematidae","Animal parasites",,64.063,46.474
,"Hsiungia","Strongylidae","Animal parasites",,,40735.171
,"Huffmanela","Trichosomoididae","Animal parasites",,,
,"Hugotdiplogaster","Diplogastridae","Animal parasites",,1.171,2.388
,"Hugotnema","Molineidae","Animal parasites",,,757.114
,"Huntinema","Hystrignathidae","Animal parasites",,,67.62
,"Hydrochoerisnema","Viannaiidae","Animal parasites",,,25.089
,"Hydromermis","Mermithidae","Animal parasites",,,7216.208
,"Hyostrongylus","Haemonchidae","Animal parasites",,331.846,1360.112
,"Hypocristata","Heligmonellidae","Animal parasites",,4.502,360.479
,"Hypodontus","Chabertiidae","Animal parasites",,,3726.289
,"Hysterothylacium","Anisakidae","Animal parasites",,18910.333,51504.243
,"Hystrichis","Dioctophymatidae","Animal parasites",,,
,"Hystrignathus","Hystrignathidae","Animal parasites",,,67.62
,"Ichthyocephaloides","Ichthyocephalidae","Animal parasites",,171.775,159.257
,"Ichthyocephalus","Ichthyocephalidae","Animal parasites",,,159.257
,"Ichtyobronema","Quimperiidae","Animal parasites",,,49.987
,"Icosiella","Oswaldofilariidae","Animal parasites",,,1826.172
,"Icthyofilaria","Guyanemidae","Animal parasites",,799.49,3143.404
,"Impalaia","Cooperiidae","Animal parasites",,99.195,438.176
,"Imparispiculus","Protosrongylidae","Animal parasites",,,759.052
,"Incurvinema","Parasitylenchidae","Animal parasites",,,14.61
,"Inglamidum","Ornithostrongylidae","Animal parasites",,,174.203
,"Inglechina","Seuratidae","Animal parasites",,,
,"Ingwenascaris","Heterocheilidae","Animal parasites",,,246831.767
,"Insulanema","Carnoyidae","Animal parasites",,118.275,118.275
,"Iponema","Drilonematidae","Animal parasites",,1.277,15.394
,"Ischilinema","Viannaiidae","Animal parasites",,,25.089
,"Isobinema","Travassosinematidae","Animal parasites",,,64.27
,"Isomermis","Mermithidae","Animal parasites",,,7216.208
,"Jaidenema","Thelastomatidae","Animal parasites",,,235.402
,"Johnpearsonia","Amphibiophilidae","Animal parasites",,50.95,50.95
,"Johnstonia","Thelastomatidae","Animal parasites",,,235.402
,"Johnstonmawsonia","Rhabdochonidae","Animal parasites",,,353.999
,"Justinema","Heligmonellidae","Animal parasites",,,360.479
,"Kalicephalus","Diaphanocephalidae","Animal parasites",,,544.762
,"Kamegainema","Dracunculidae","Animal parasites",,,
,"Kathlania","Kathlaniidae","Animal parasites",,,2239.415
,"Kentropyxia","Molineidae","Animal parasites",,,757.114
,"Khalilila","Strongylidae","Animal parasites",,,40735.171
,"Kiluluma","Strongylidae","Animal parasites",,,40735.171
,"Klossiella","Hystrignathidae","Animal parasites",,,67.62
,"Klossinemella","Atractidae","Animal parasites",,77.609,187.652
,"Klossnema","Hystrignathidae","Animal parasites",,,67.62
,"Kongonema","Hystrignathidae","Animal parasites",,19.917,67.62
,"Krefftascaris","Heterocheilidae","Animal parasites",,,246831.767
,"Kreisiella","Physalopteridae","Animal parasites",,,18886.119
,"Kuala","Heligmonellidae","Animal parasites",,,360.479
,"Kuntzistrongylus","Chabertiidae","Animal parasites",,,3726.289
,"Kurilonema","Rhabdiasidae","Animal parasites",,,
,"Kurochkinitylenchus","Parasitylenchidae","Animal parasites",,,14.61
,"Labeonema","Atractidae","Animal parasites",,59.25,187.652
,"Labidurus","Atractidae","Animal parasites",,,187.652
,"Labiobulura","Subuluridae","Animal parasites",,,10443.002
,"Labiomultiplex","Chabertiidae","Animal parasites",,,3726.289
,"Labiosimplex","Chabertiidae","Animal parasites",,,3726.289
,"Labiostomum","Oxyuridae","Animal parasites",,,863.815
,"Labiostrongylus","Chabertiidae","Animal parasites",,,3726.289
,"Lagochilascaris","Ascarididae","Animal parasites",,,1328679.075
,"Lagostonema","Molineidae","Animal parasites",,,757.114
,"Lagostrongylus","Heligmonellidae","Animal parasites",,,360.479
,"Lamanema","Molineidae","Animal parasites",,,757.114
,"Lamotheoxyuris","Heteroxynematidae","Animal parasites",,151.145,141.559
,"Lanceimermis","Mermithidae","Animal parasites",,,7216.208
,"Lappnema","Robertdollfusidae","Animal parasites",,,4.972
,"Lauroia","Aspidoderidae","Animal parasites",,,314.02
,"Laurostrongylus","Cooperiidae","Animal parasites",,,438.176
,"Leidynema","Thelastomatidae","Animal parasites",,,235.402
,"Leidynemella","Thelastomatidae","Animal parasites",,,235.402
,"Leiperiatus","Haemonchidae","Animal parasites",,,1360.112
,"Leiperinia","Atractidae","Animal parasites",,,187.652
,"Lemuricola","Oxyuridae","Animal parasites",,124.807,863.815
,"Lemurstrongylus","Chabertiidae","Animal parasites",,,3726.289
,"Lenisaphelenchus","Aphelenchoididae","Animal parasites",,0.181,0.207
,"Lepidonema","Hystrignathidae","Animal parasites",,,67.62
,"Leptojacobus","Diplogastridae","Animal parasites",,,2.388
,"Libyostrongylus","Cooperiidae","Animal parasites",,45.87,438.176
,"Limnomermis","Mermithidae","Animal parasites",,,7216.208
,"Liniscus","Capillariidae","Animal parasites",,,57.668
,"Linstowinema","Seuratidae","Animal parasites",,,
,"Linustrongylus","Molineidae","Animal parasites",,,757.114
,"Litomosoides","Onchocercidae","Animal parasites",,4873.432,24238.879
,"Loa","Onchocercidae","Animal parasites",,,24238.879
,"Longior","Hystrignathidae","Animal parasites",,,67.62
,"Longistriata","Heligmosomidae","Animal parasites",,11.763,389.207
,"Longistrongylus","Haemonchidae","Animal parasites",,126.315,1360.112
,"Loxodontofilaria","Onchocercidae","Animal parasites",,,24238.879
,"Lubanema","Hystrignathidae","Animal parasites",,229.465,67.62
,"Lucionema","Lucionematidae","Animal parasites",,2.663,2.663
,"Lukonema","Muspiceidae","Animal parasites",,,
,"Maciela","Molineidae","Animal parasites",,,757.114
,"Macramphida","Drilonematidae","Animal parasites",,,15.394
,"Macropicola","Chabertiidae","Animal parasites",,,3726.289
,"Macroponema","Chabertiidae","Animal parasites",,850.93,3726.289
,"Macropostrongyloides","Chabertiidae","Animal parasites",,3129.949,3726.289
,"Macropostrongylus","Chabertiidae","Animal parasites",,,3726.289
,"Macrostrongylus","Heligmonellidae","Animal parasites",,6192.324,360.479
,"Macuahuitloides","Molineidae","Animal parasites",,,757.114
,"Madafilaroides","Angiostrongylidae","Animal parasites",,,994.307
,"Madangiostrongylus","Angiostrongylidae","Animal parasites",,,994.307
,"Mainspinostrongylus","Molineidae","Animal parasites",,,757.114
,"Malaistrongylus","Heligmonellidae","Animal parasites",,,360.479
,"Malaspinanema","Thelastomatidae","Animal parasites",,,235.402
,"Malayocamallanus","Camallanidae","Animal parasites",,,2996.315
,"Malayometastrongylus","Angiostrongylidae","Animal parasites",,,994.307
,"Malvinema","Heligmonellidae","Animal parasites",,,360.479
,"Malvinia","Ungellidae","Animal parasites",,3.147,13.088
,"Mammaidula","Heligmonellidae","Animal parasites",,,360.479
,"Mammomonogamus","Syngamidae","Animal parasites",,,51051.297
,"Mansonella","Onchocercidae","Animal parasites",,,24238.879
,"Mariostrongylus","Protosrongylidae","Animal parasites",,,759.052
,"Marshallagia","Haemonchidae","Animal parasites",,,1360.112
,"Marsupostrongylus","Angiostrongylidae","Animal parasites",,74.083,994.307
,"Maseria","Muspiceidae","Animal parasites",,,
,"Mastophorus","Spirocercidae","Animal parasites",,,1758.656
,"Maupasina","Maupasinidae","Animal parasites",,,
,"Mawsonema","Heligmonellidae","Animal parasites",,,360.479
,"Maxomystrongylus","Heligmonellidae","Animal parasites",,3.636,360.479
,"Maxvachonia","Cosmocercidae","Animal parasites",,4254.527,871.917
,"Mazamastrongylus","Haemonchidae","Animal parasites",,,1360.112
,"Mbaisonema","Chabertiidae","Animal parasites",,,3726.289
,"Mbanema","Drilonematidae","Animal parasites",,,15.394
,"Mecistocirrus","Haemonchidae","Animal parasites",,,1360.112
,"Megacooperia","Cooperiidae","Animal parasites",,,438.176
,"Megalobatrachonema","Kathlaniidae","Animal parasites",,3089.932,2239.415
,"Mehdinema","Mehdinematidae","Animal parasites",,,
,"Melolonthinimermis","Mermithidae","Animal parasites",,,7216.208
,"Melomystrongylus","Heligmonellidae","Animal parasites",,,360.479
,"Mentecle","Hystrignathidae","Animal parasites",,,67.62
,"Mermis","Mermithidae","Animal parasites",,,7216.208
,"Mertensinema","Molineidae","Animal parasites",,,757.114
,"Mesamidostomum","Trichostrongylidae","Animal parasites",,,88.593
,"Mesidionema","Mesidionematidae","Animal parasites",,,60.863
,"Mesomermis","Mermithidae","Animal parasites",,,7216.208
,"Mesonema","Drilonematidae","Animal parasites",,,15.394
,"Metaparasitylenchus","Allantonematidae","Animal parasites",,,46.474
,"Metastrongylus","Metastrongylidae","Animal parasites",,619.578,619.578
,"Metathelazia","Pneumospiruridae","Animal parasites",,,
,"Meteterakis","Heterakidae","Animal parasites",,,387.121
,"Metheligmonella","Heligmonellidae","Animal parasites",,,360.479
,"Mexiconema","Daniconematidae","Animal parasites",,,
,"Microhadejia","Tetrameridae","Animal parasites",,,1758906800.849
,"Micropleura","Micropleuridae","Animal parasites",,,
,"Microtetrameres","Tetrameridae","Animal parasites",,,1758906800.849
,"Minutostrongylus","Cooperiidae","Animal parasites",,,438.176
,"Mirzaiella","Travassosinematidae","Animal parasites",,,64.27
,"Moaciria","Heterakidae","Animal parasites",,,387.121
,"Moennigia","Molineidae","Animal parasites",,,757.114
,"Moguranema","Molineidae","Animal parasites",,,757.114
,"Molineus","Molineidae","Animal parasites",,13.613,757.114
,"Molinostrongylus","Molineidae","Animal parasites",,,757.114
,"Molnaria","Skrjabillanidae","Animal parasites",,,1.495
,"Monhysterides","Atractidae","Animal parasites",,,187.652
,"Monilonema","Chabertiidae","Animal parasites",,,3726.289
,"Monodontella","Ancylostomatidae","Animal parasites",,,1808.409
,"Mooleptus","Gnathostomatidae","Animal parasites",,,10755.868
,"Moravecia","Guyanemidae","Animal parasites",,,3143.404
,"Morgascaridia","Schneidernematidae","Animal parasites",,,
,"Muellerius","Protosrongylidae","Animal parasites",,26.483,759.052
,"Multicaecum","Heterocheilidae","Animal parasites",,6279.515,246831.767
,"Murielus","Molineidae","Animal parasites",,,757.114
,"Murshidia","Strongylidae","Animal parasites",,,40735.171
,"Muspicea","Muspiceidae","Animal parasites",,,
,"Myenchus","Myenchidae","Animal parasites",,,
,"Myleusnema","Kathlaniidae","Animal parasites",,,2239.415
,"Myoryctes","Myenchidae","Animal parasites",,,
,"Myrmeconema","Tetradonematidae","Animal parasites",,,37.871
,"Narsingiella","Aspidoderidae","Animal parasites",,,314.02
,"Nasistrongylus","Herpetostrongylidae","Animal parasites",,,73.871
,"Necator","Ancylostomatidae","Animal parasites",,,1808.409
,"Nemanoke","Mesidionematidae","Animal parasites",,60.863,60.863
,"Nematodirella","Molineidae","Animal parasites",,,757.114
,"Nematodiroides","Molineidae","Animal parasites",,,757.114
,"Nematodirus","Molineidae","Animal parasites",,2661.531,757.114
,"Nematomystes","Aspidoderidae","Animal parasites",,,314.02
,"Nemhelix","Cosmocercidae","Animal parasites",,,871.917
,"Neocamallanus","Camallanidae","Animal parasites",,,2996.315
,"Neocooperia","Trichostrongylidae","Animal parasites",,,88.593
,"Neocucullanus","Cucullanidae","Animal parasites",,4471.074,2404.157
,"Neoentomelas","Rhabdiasidae","Animal parasites",,,
,"Neoheligmonella","Heligmonellidae","Animal parasites",,,360.479
,"Neohilgertia","Oxyuridae","Animal parasites",,,863.815
,"Neomolineus","Molineidae","Animal parasites",,78.047,757.114
,"Neomurshidia","Strongylidae","Animal parasites",,,40735.171
,"Neoomeia","Quimperiidae","Animal parasites",,,49.987
,"Neoparaseuratum","Quimperiidae","Animal parasites",,,49.987
,"Neoparasitylenchus","Allantonematidae","Animal parasites",,,46.474
,"Neophilometroides","Philometridae","Animal parasites",,,91031.098
,"Neoraillietnema","Cosmocercidae","Animal parasites",,,871.917
,"Neorhabditostomum","Chabertiidae","Animal parasites",,,3726.289
,"Neostrongyloides","Dioctophymatidae","Animal parasites",,,
,"Neostrongylus","Protosrongylidae","Animal parasites",,,759.052
,"Neoterranova","Anisakidae","Animal parasites",,245392.333,51504.243
,"Nesomystrongylus","Heligmonellidae","Animal parasites",,,360.479
,"Nicollina","Nicollinidae","Animal parasites",,33.672,23.271
,"Nilonema","Philometridae","Animal parasites",,,91031.098
,"Nippostrongylus","Heligmonellidae","Animal parasites",,43.668,360.479
,"Nochtia","Molineidae","Animal parasites",,,757.114
,"Nouvelnema","Atractidae","Animal parasites",,,187.652
,"Nycteridostrongylus","Molineidae","Animal parasites",,110.811,757.114
,"Obainia","Rhigonematidae","Animal parasites",,,968.52
,"Obeliscoides","Cooperiidae","Animal parasites",,,438.176
,"Oceanicucullanus","Cucullanidae","Animal parasites",,1762.455,2404.157
,"Octomyomermis","Mermithidae","Animal parasites",,,7216.208
,"Odilia","Heligmonellidae","Animal parasites",,62.23,360.479
,"Oesophagodontus","Strongylidae","Animal parasites",,,40735.171
,"Oesophagostomoides","Chabertiidae","Animal parasites",,,3726.289
,"Oesophagostomum","Chabertiidae","Animal parasites",,1952.756,3726.289
,"Ohbayashinema","Heligmosomidae","Animal parasites",,,389.207
,"Okapistrongylus","Chabertiidae","Animal parasites",,,3726.289
,"Ollulanus","Molineidae","Animal parasites",,,757.114
,"Onchocerca","Onchocercidae","Animal parasites",,34123.303,24238.879
,"Oncophora","Camallanidae","Animal parasites",,,2996.315
,"Onychonema","Ungellidae","Animal parasites",,,13.088
,"Ophidascaris","Ascarididae","Animal parasites",,100983.538,1328679.075
,"Orientatractis","Atractidae","Animal parasites",,26.721,187.652
,"Orientostrongylus","Heligmonellidae","Animal parasites",,,360.479
,"Orloffia","Haemonchidae","Animal parasites",,,1360.112
,"Ornithofilaria","Onchocercidae","Animal parasites",,,24238.879
,"Ornithonema","Ornithostrongylidae","Animal parasites",,,174.203
,"Ornithostrongylus","Ornithostrongylidae","Animal parasites",,174.203,174.203
,"Orthostrongylus","Protosrongylidae","Animal parasites",,,759.052
,"Ortleppascaris","Heterocheilidae","Animal parasites",,,246831.767
,"Ortleppstrongylus","Molineidae","Animal parasites",,,757.114
,"Oryctophila","Thelastomatidae","Animal parasites",,,235.402
,"Oslerus","Filaroididae","Animal parasites",,1583.415,431.316
,"Ostertagia","Haemonchidae","Animal parasites",,675,1360.112
,"Oswaldocruzia","Molineidae","Animal parasites",,,757.114
,"Oswaldofilaria","Oswaldofilariidae","Animal parasites",,1826.172,1826.172
,"Oswaldonema","Viannaiidae","Animal parasites",,,25.089
,"Oswaldostrongylus","Ornithostrongylidae","Animal parasites",,,174.203
,"Otostrongylus","Crenosomatidae","Animal parasites",,,679.122
,"Ovomermis","Mermithidae","Animal parasites",,,7216.208
,"Oxysomatium","Cosmocercidae","Animal parasites",,,871.917
,"Oxyspirura","Thelaziidae","Animal parasites",,746.369,9768.474
,"Oxyuris","Oxyuridae","Animal parasites",,5594.379,863.815
,"Paleothelastoma","Thelastomatidae","Animal parasites",,,235.402
,"Pancreatonema","Rhabdochonidae","Animal parasites",,,353.999
,"Papillabrum","Hystrignathidae","Animal parasites",,,67.62
,"Papillostrongylus","Chabertiidae","Animal parasites",,,3726.289
,"Papuastrongylus","Herpetostrongylidae","Animal parasites",,,73.871
,"Parabronema","Habronematidae","Animal parasites",,9499.811,3692.59
,"Parabronetna","Spiruridae","Animal parasites",,,13920.561
,"Paracamallanus","Camallanidae","Animal parasites",,221.506,2996.315
,"Paracameronia","Thelastomatidae","Animal parasites",,,235.402
,"Paracooperia","Cooperiidae","Animal parasites",,,438.176
,"Paracooperioides","Cooperiidae","Animal parasites",,,438.176
,"Paracrenosoma","Crenosomatidae","Animal parasites",,,679.122
,"Paracuaria","Acuariidae","Animal parasites",,,576.886
,"Paracucullanellus","Cucullanidae","Animal parasites",,,2404.157
,"Paradeletrocephalus","Deletrocephalidae","Animal parasites",,,991.73
,"Paradicelis","Drilonematidae","Animal parasites",,,15.394
,"Paradujardinia","Heterocheilidae","Animal parasites",,618549.241,246831.767
,"Parafilaria","Filariidae","Animal parasites",,9201.331,12339.818
,"Parafilaroides","Filaroididae","Animal parasites",,350.711,431.316
,"Paragendria","Quimperiidae","Animal parasites",,38.465,49.987
,"Paragletylenchus","Parasitylenchidae","Animal parasites",,,14.61
,"Paragraphidium","Molineidae","Animal parasites",,,757.114
,"Paraheligmonella","Heligmonellidae","Animal parasites",,,360.479
,"Paraheligmonelloides","Heligmonellidae","Animal parasites",,,360.479
,"Paraheligmonina","Heligmonellidae","Animal parasites",,,360.479
,"Paraheterotyphilum","Heterocheilidae","Animal parasites",,,246831.767
,"Parahistiostrongylus","Molineidae","Animal parasites",,,757.114
,"Paraichthyocephalus","Ichthyocephalidae","Animal parasites",,,159.257
,"Paraiotonchium","Iotonchiidae","Animal parasites",,,3.645
,"Paralabiostrongylus","Chabertiidae","Animal parasites",,,3726.289
,"Paralepidonema","Hystrignathidae","Animal parasites",,,67.62
,"Paraleptus","Physalopteridae","Animal parasites",,,18886.119
,"Paralibyostrongylus","Cooperiidae","Animal parasites",,,438.176
,"Paramacropostrongylus","Chabertiidae","Animal parasites",,,3726.289
,"Paramidostomum","Trichostrongylidae","Animal parasites",,,88.593
,"Paraorientatractis","Atractidae","Animal parasites",,,187.652
,"Parapharyngodon","Pharyngodonidae","Animal parasites",,1100.446,568.973
,"Parapharyngostrongylus","Chabertiidae","Animal parasites",,,3726.289
,"Paraphilometroides","Philometridae","Animal parasites",,,91031.098
,"Parapoteriostomum","Strongylidae","Animal parasites",,,40735.171
,"Paraquimperia","Quimperiidae","Animal parasites",,,49.987
,"Pararhabdonema","Cooperiidae","Animal parasites",,,438.176
,"Pararugopharynx","Chabertiidae","Animal parasites",,,3726.289
,"Parasabanema","Heligmonellidae","Animal parasites",,11.558,360.479
,"Parascaris","Ascarididae","Animal parasites",,4225100.779,1328679.075
,"Paraseuratum","Quimperiidae","Animal parasites",,,49.987
,"Parasitylenchoides","Allantonematidae","Animal parasites",,,46.474
,"Parasitylenchus","Allantonematidae","Animal parasites",,2.157,46.474
,"Paraspidodera","Aspidoderidae","Animal parasites",,,314.02
,"Paraspiralatus","Spirocercidae","Animal parasites",,,1758.656
,"Parastrongyloides","Strongyloididae","Animal parasites",,3.26,10.314
,"Parastrongylus","Angiostrongylidae","Animal parasites",,,994.307
,"Parathelandros","Oxyuridae","Animal parasites",,,863.815
,"Paratractis","Atractidae","Animal parasites",,256.573,187.652
,"Paratrichosoma","Trichosomoididae","Animal parasites",,,
,"Paraustrostrongylus","Herpetostrongylidae","Animal parasites",,,73.871
,"Parazoniolaimus","Chabertiidae","Animal parasites",,40679.138,3726.289
,"Parelaphostrongylus","Protosrongylidae","Animal parasites",,,759.052
,"Parhadjelia","Habronematidae","Animal parasites",,,3692.59
,"Paronchocerca","Oswaldofilariidae","Animal parasites",,,1826.172
,"Parostertagia","Trichostrongylidae","Animal parasites",,,88.593
,"Passalidophila","Hystrignathidae","Animal parasites",,,67.62
,"Passalurus","Oxyuridae","Animal parasites",,,863.815
,"Passeristrongylus","Ornithostrongylidae","Animal parasites",,,174.203
,"Patagoniella","Ungellidae","Animal parasites",,1.34,13.088
,"Patricialina","Herpetostrongylidae","Animal parasites",,,73.871
,"Pearsonema","Capillariidae","Animal parasites",,,57.668
,"Pelicitus","Onchocercidae","Animal parasites",,,24238.879
,"Pennisia","Muspiceidae","Animal parasites",,,
,"Peramelistrongylus","Trichostrongylidae","Animal parasites",,,88.593
,"Peritrachelius","Anisakidae","Animal parasites",,,51504.243
,"Perodira","Homungellidae","Animal parasites",,,
,"Petrovinema","Strongylidae","Animal parasites",,,40735.171
,"Phacochoerostrongylus","Chabertiidae","Animal parasites",,,3726.289
,"Phalacronema","Hystrignathidae","Animal parasites",,,67.62
,"Pharurus","Pseudaliidae","Animal parasites",,,
,"Pharyngodon","Pharyngodonidae","Animal parasites",,233.867,568.973
,"Pharyngonema","Drilonematidae","Animal parasites",,,15.394
,"Pharyngostrongylus","Chabertiidae","Animal parasites",,,3726.289
,"Phascolostrongylus","Chabertiidae","Animal parasites",,,3726.289
,"Philometra","Philometridae","Animal parasites",,87122.718,91031.098
,"Philometroides","Philometridae","Animal parasites",,26231.878,91031.098
,"Philonema","Dracunculidae","Animal parasites",,,
,"Phocascaris","Anisakidae","Animal parasites",,,51504.243
,"Physaloptera","Physalopteridae","Animal parasites",,38193.241,18886.119
,"Physalopteroides","Physalopteridae","Animal parasites",,,18886.119
,"Physocephalus","Spirocercidae","Animal parasites",,,1758.656
,"Pingus","Quimperiidae","Animal parasites",,61.509,49.987
,"Piscicapillaria","Capillariidae","Animal parasites",,,57.668
,"Pithecostrongylus","Molineidae","Animal parasites",,,757.114
,"Placentonema","Tetrameridae","Animal parasites",,1758906800.849,1758906800.849
,"Plesioungella","Ungellidae","Animal parasites",,,13.088
,"Plutellonema","Drilonematidae","Animal parasites",,,15.394
,"Pneumoatractis","Atractidae","Animal parasites",,8.729,187.652
,"Pneumocaulus","Protosrongylidae","Animal parasites",,,759.052
,"Pneumonema","Rhabdiasidae","Animal parasites",,,
,"Pneumospiruria","Pneumospiruridae","Animal parasites",,,
,"Pneumostrongylus","Protosrongylidae","Animal parasites",,,759.052
,"Podocnematractis","Atractidae","Animal parasites",,,187.652
,"Poekilostrongylus","Molineidae","Animal parasites",,,757.114
,"Pongogius","Oxyuridae","Animal parasites",,,863.815
,"Popovastrongylus","Chabertiidae","Animal parasites",,,3726.289
,"Porrocaecum","Heterocheilidae","Animal parasites",,229427.484,246831.767
,"Poteriostomum","Strongylidae","Animal parasites",,,40735.171
,"Potorostrongylus","Chabertiidae","Animal parasites",,,3726.289
,"Potoroxyuris","Oxyuridae","Animal parasites",,,863.815
,"Pratinema","Allantonematidae","Animal parasites",,,46.474
,"Prestwoodia","Crenosomatidae","Animal parasites",,,679.122
,"Proatractis","Atractidae","Animal parasites",,,187.652
,"Probstmayria","Atractidae","Animal parasites",,15.22,187.652
,"Procamallanus","Camallanidae","Animal parasites",,5490.481,2996.315
,"Procyonostrongylus","Angiostrongylidae","Animal parasites",,1946.88,994.307
,"Procyrnea","Habronematidae","Animal parasites",,2027.698,3692.59
,"Profilarinema","Trichostrongylidae","Animal parasites",,,88.593
,"Proleptus","Physalopteridae","Animal parasites",,20716.519,18886.119
,"Proparasitylenchus","Allantonematidae","Animal parasites",,,46.474
,"Propharyngodon","Thelastomatidae","Animal parasites",,,235.402
,"Prosungulonema","Rhabdochonidae","Animal parasites",,,353.999
,"Protospirura","Spiruridae","Animal parasites",,35402.5,13920.561
,"Protostrongylus","Protosrongylidae","Animal parasites",,1491.62,759.052
,"Protrellus","Thelastomatidae","Animal parasites",,82.228,235.402
,"Protylenchus","Allantonematidae","Animal parasites",,,46.474
,"Psammomermis","Mermithidae","Animal parasites",,,7216.208
,"Pseudabbreviata","Physalopteridae","Animal parasites",,,18886.119
,"Pseudalius","Pseudaliidae","Animal parasites",,,
,"Pseudamidostomum","Trichostrongylidae","Animal parasites",,,88.593
,"Pseudaprocta","Aproctidae","Animal parasites",,,9434.472
,"Pseudocapillaria","Capillariidae","Animal parasites",,,57.668
,"Pseudocapillaroides","Capillariidae","Animal parasites",,,57.668
,"Pseudodelphis","Guyanemidae","Animal parasites",,7396.095,3143.404
,"Pseudodesmicola","Thelastomatidae","Animal parasites",,10.872,235.402
,"Pseudoheligmosomum","Heligmonellidae","Animal parasites",,,360.479
,"Pseudophilometroides","Dracunculidae","Animal parasites",,,
,"Pseudophysaloptera","Physalopteridae","Animal parasites",,,18886.119
,"Pseudoproleptus","Cystidicolidae","Animal parasites",,,562.575
,"Pseudorictularia","Physalopteridae","Animal parasites",,,18886.119
,"Pseudospinura","Seuratidae","Animal parasites",,,
,"Pseudostertagia","Cooperiidae","Animal parasites",,,438.176
,"Pseudoterranova","Anisakidae","Animal parasites",,,51504.243
,"Pseudoxyo","Hystrignathidae","Animal parasites",,85.146,67.62
,"Psyllotylenchus","Parasitylenchidae","Animal parasites",,,14.61
,"Pterygodermatites","Rictulariidae","Animal parasites",,,
,"Pudica","Heligmonellidae","Animal parasites",,,360.479
,"Pulchrascaris","Anisakidae","Animal parasites",,,51504.243
,"Pulmostrongylus","Angiostrongylidae","Animal parasites",,,994.307
,"Punctocamallanus","Camallanidae","Animal parasites",,,2996.315
,"Quasiamidostomum","Trichostrongylidae","Animal parasites",,238.253,88.593
,"Quentinstrongylus","Heligmonellidae","Animal parasites",,,360.479
,"Quilonia","Strongylidae","Animal parasites",,,40735.171
,"Rabbium","Seuratidae","Animal parasites",,,
,"Ragenema","Molineidae","Animal parasites",,,757.114
,"Raillietnema","Cosmocercidae","Animal parasites",,79.64,871.917
,"Ransomnema","Ransomnematidae","Animal parasites",,,
,"Ransomus","Chabertiidae","Animal parasites",,,3726.289
,"Raonema","Carnoyidae","Animal parasites",,,118.275
,"Raphidascaris","Raphidascarididae","Animal parasites",,4532.009,11457.278
,"Raphidascaroides","Raphidascarididae","Animal parasites",,65143.993,11457.278
,"Rasheedia","Physalopteridae","Animal parasites",,,18886.119
,"Rattustrongylus","Heligmonellidae","Animal parasites",,,360.479
,"Rauschia","Molineidae","Animal parasites",,,757.114
,"Rauschivyngylus","Angiostrongylidae","Animal parasites",,,994.307
,"Rauschtineria","Oxyuridae","Animal parasites",,,863.815
,"Rhabdias","Rhabdiasidae","Animal parasites",,,
,"Rhabditostomum","Chabertiidae","Animal parasites",,,3726.289
,"Rhabdochona","Rhabdochonidae","Animal parasites",,353.999,353.999
,"Rhigonema","Rhigonematidae","Animal parasites",,968.52,968.52
,"Rhinobothrium","Gnathostomatidae","Animal parasites",,,10755.868
,"Rhinoceronema","Atractidae","Animal parasites",,4.144,187.652
,"Rhinoclemmysnema","Atractidae","Animal parasites",,,187.652
,"Rictularia","Rictulariidae","Animal parasites",,,
,"Riouxgolvania","Muspiceidae","Animal parasites",,,
,"Robertdollfusa","Robertdollfusidae","Animal parasites",,,4.972
,"Robertia","Thelastomatidae","Animal parasites",,,235.402
,"Robustostrongylus","Haemonchidae","Animal parasites",,456.909,1360.112
,"Rodentocaulus","Angiostrongylidae","Animal parasites",,,994.307
,"Rodentogamus","Syngamidae","Animal parasites",,,51051.297
,"Romanomermis","Mermithidae","Animal parasites",,,7216.208
,"Rondonema","Carnoyidae","Animal parasites",,,118.275
,"Rondonia","Atractidae","Animal parasites",,178.366,187.652
,"Royandersonia","Pharyngodonidae","Animal parasites",,,568.973
,"Rugonema","Chabertiidae","Animal parasites",,,3726.289
,"Rugopharynx","Chabertiidae","Animal parasites",,1150.539,3726.289
,"Rugostrongylus","Chabertiidae","Animal parasites",,,3726.289
,"Rumai","Philometridae","Animal parasites",,,91031.098
,"Sabanema","Heligmonellidae","Animal parasites",,,360.479
,"Sahaynema","Trichostrongylidae","Animal parasites",,,88.593
,"Salesia","Hystrignathidae","Animal parasites",,,67.62
,"Sarconema","Onchocercidae","Animal parasites",,,24238.879
,"Sarwaria","Haemonchidae","Animal parasites",,,1360.112
,"Sauricola","Strongylidae","Animal parasites",,,40735.171
,"Scatonema","Allantonematidae","Animal parasites",,,46.474
,"Schiurodendrium","Heligmonellidae","Animal parasites",,,360.479
,"Schneidernema","Schneidernematidae","Animal parasites",,,
,"Schrankiana","Atractidae","Animal parasites",,87.887,187.652
,"Schulmanela","Capillariidae","Animal parasites",,,57.668
,"Schulzia","Molineidae","Animal parasites",,,757.114
,"Schulzinema","Chabertiidae","Animal parasites",,,3726.289
,"Schwenkiella","Thelastomatidae","Animal parasites",,94.051,235.402
,"Sciuricola","Heligmonellidae","Animal parasites",,,360.479
,"Sciurodendrium","Heligmonellidae","Animal parasites",,,360.479
,"Serpentirhabdias","Rhabdiasidae","Animal parasites",,,
,"Serpinema","Camallanidae","Animal parasites",,1431.639,2996.315
,"Setaria","Onchocercidae","Animal parasites",,15091.993,24238.879
,"Seuratum","Seuratidae","Animal parasites",,,
,"Severianoia","Thelastomatidae","Animal parasites",,23.937,235.402
,"Shattukius","Molineidae","Animal parasites",,,757.114
,"Shikhobalovia","Trichostrongylidae","Animal parasites",,,88.593
,"Sicarius","Habronematidae","Animal parasites",,,3692.59
,"Siconema","Ungellidae","Animal parasites",,25.167,13.088
,"Siconemoides","Ungellidae","Animal parasites",,,13.088
,"Sinoichthyonema","Skrjabillanidae","Animal parasites",,,1.495
,"Sinospinata","Hystrignathidae","Animal parasites",,38.872,67.62
,"Skarbilovinema","Iotonchiidae","Animal parasites",,,3.645
,"Skrjabillanus","Skrjabillanidae","Animal parasites",,1.495,1.495
,"Skrjabinalius","Pseudaliidae","Animal parasites",,,
,"Skrjabinelazia","Seuratidae","Animal parasites",,,
,"Skrjabinema","Oxyuridae","Animal parasites",,,863.815
,"Skrjabingylus","Skrjabingylidae","Animal parasites",,,
,"Skrjabinisakis","Anisakidae","Animal parasites",,,51504.243
,"Skrjabinocaulus","Protosrongylidae","Animal parasites",,,759.052
,"Skrjabinocercella","Desmidocercidae","Animal parasites",,,578.871
,"Skrjabinodentus","Strongylidae","Animal parasites",,,40735.171
,"Skrjabinodon","Pharyngodonidae","Animal parasites",,,568.973
,"Skrjabinomermis","Mermithidae","Animal parasites",,2500.387,7216.208
,"Skrjabinura","Seuratidae","Animal parasites",,,
,"Soaresnema","Hystrignathidae","Animal parasites",,,67.62
,"Sobolevingylus","Angiostrongylidae","Animal parasites",,,994.307
,"Soboliphyme","Soboliphymatidae","Animal parasites",,,
,"Spalacina","Heligmonellidae","Animal parasites",,,360.479
,"Spauligodon","Pharyngodonidae","Animal parasites",,0.708,568.973
,"Spectatus","Kathlaniidae","Animal parasites",,,2239.415
,"Spiculimermis","Mermithidae","Animal parasites",,,7216.208
,"Spiculocaulus","Protosrongylidae","Animal parasites",,,759.052
,"Spiculopteragia","Haemonchidae","Animal parasites",,,1360.112
,"Spilotylenchus","Parasitylenchidae","Animal parasites",,14.61,14.61
,"Spimtectus","Hedruridae","Animal parasites",,,
,"Spinicauda","Heterakidae","Animal parasites",,,387.121
,"Spinitectus","Cystidicolidae","Animal parasites",,1073.169,562.575
,"Spinodiplotriaena","Diplotriaenidae","Animal parasites",,,24900.03
,"Spinostrongylus","Molineidae","Animal parasites",,,757.114
,"Spirobakerus","Spirocercidae","Animal parasites",,,1758.656
,"Spirocamallanoides","Camallanidae","Animal parasites",,,2996.315
,"Spirocamallanus","Camallanidae","Animal parasites",,3501.906,2996.315
,"Spirocerca","Thelaziidae","Animal parasites",,55379.688,9768.474
,"Spironoura","Kathlaniidae","Animal parasites",,,2239.415
,"Spirophilometra","Philometridae","Animal parasites",,,91031.098
,"Spirostrongylus","Chabertiidae","Animal parasites",,,3726.289
,"Spiroxys","Gnathostomatidae","Animal parasites",,2407.077,10755.868
,"Spirura","Spiruridae","Animal parasites",,3179.591,13920.561
,"Spratellus","Mackerrastrongylidae","Animal parasites",,,
,"Sprentia","Hystrignathidae","Animal parasites",,,67.62
,"Squamofilaria","Aproctidae","Animal parasites",,9434.472,9434.472
,"Srivastavanema","Heligmonellidae","Animal parasites",,1243.159,360.479
,"Stauratostoma","Thelastomatidae","Animal parasites",,,235.402
,"Stefanskostrongylus","Angiostrongylidae","Animal parasites",,,994.307
,"Steinertetanonema","Tetanonematidae","Animal parasites",,,
,"Stelmioides","Cucullanidae","Animal parasites",,,2404.157
,"Stenuroides","Pseudaliidae","Animal parasites",,,
,"Stenurus","Pseudaliidae","Animal parasites",,,
,"Stephanofilaria","Filariidae","Animal parasites",,,12339.818
,"Stephanurus","Syngamidae","Animal parasites",,75715.618,51051.297
,"Stilestrongylus","Heligmonellidae","Animal parasites",,,360.479
,"Strelkovimermis","Mermithidae","Animal parasites",,,7216.208
,"Strongylacantha","Strongylacanthidae","Animal parasites",,,
,"Strongyloides","Strongyloididae","Animal parasites",,15.016,10.314
,"Strongyluris","Heterakidae","Animal parasites",,,387.121
,"Strongylus","Strongylidae","Animal parasites",,76769.954,40735.171
,"Subulura","Subuluridae","Animal parasites",,,10443.002
,"Sucamphida","Ungellidae","Animal parasites",,,13.088
,"Suifilaria","Filariidae","Animal parasites",,,12339.818
,"Suifunema","Thelastomatidae","Animal parasites",,288.19,235.402
,"Sulcascaris","Anisakidae","Animal parasites",,,51504.243
,"Sulphuritylenchus","Allantonematidae","Animal parasites",,,46.474
,"Suncinema","Heligmosomidae","Animal parasites",,6.25,389.207
,"Sutarostrongylus","Herpetostrongylidae","Animal parasites",,,73.871
,"Suttonema","Heligmonellidae","Animal parasites",,,360.479
,"Syncuaria","Acuariidae","Animal parasites",,908.322,576.886
,"Syngamus","Syngamidae","Animal parasites",,1722.656,51051.297
,"Synhimantus","Acuariidae","Animal parasites",,150.707,576.886
,"Synodontisia","Pharyngodonidae","Animal parasites",,226.719,568.973
,"Synoecnema","Ungellidae","Animal parasites",,1.953,13.088
,"Syphabulea","Oxyuridae","Animal parasites",,,863.815
,"Syphacia","Oxyuridae","Animal parasites",,187.486,863.815
,"Syphaciella","Heteroxynematidae","Animal parasites",,,141.559
,"Sypharista","Oxyuridae","Animal parasites",,,863.815
,"Tachygonetria","Pharyngodonidae","Animal parasites",,537.264,568.973
,"Tachynema","Mackerrastrongylidae","Animal parasites",,,
,"Tadaridanema","Molineidae","Animal parasites",,39.677,757.114
,"Tanqua","Gnathostomatidae","Animal parasites",,11935.298,10755.868
,"Tapironema","Cooperiidae","Animal parasites",,,438.176
,"Tasmanema","Mackerrastrongylidae","Animal parasites",,,
,"Teladorsagia","Haemonchidae","Animal parasites",,,1360.112
,"Tenoranema","Capillariidae","Animal parasites",,,57.668
,"Teporingonema","Cooperiidae","Animal parasites",,,438.176
,"Ternidens","Chabertiidae","Animal parasites",,,3726.289
,"Terranova","Anisakidae","Animal parasites",,,51504.243
,"Tethystrongylus","Chabertiidae","Animal parasites",,,3726.289
,"Tetleyus","Thelastomatidae","Animal parasites",,,235.402
,"Tetrabothiostrongylus","Mackerrastrongylidae","Animal parasites",,,
,"Tetradonema","Tetradonematidae","Animal parasites",,37.871,37.871
,"Tetrameres","Tetrameridae","Animal parasites",,,1758906800.849
,"Thainema","Ungellidae","Animal parasites",,,13.088
,"Thaistrongylus","Angiostrongylidae","Animal parasites",,,994.307
,"Thaliostonema","Chabertiidae","Animal parasites",,,3726.289
,"Thaumamermis","Mermithidae","Animal parasites",,,7216.208
,"Theileriana","Strongylidae","Animal parasites",,,40735.171
,"Thelandros","Oxyuridae","Animal parasites",,722.26,863.815
,"Thelastoma","Thelastomatidae","Animal parasites",,79.989,235.402
,"Thelazia","Thelaziidae","Animal parasites",,2450.652,9768.474
,"Thripinema","Allantonematidae","Animal parasites",,,46.474
,"Thubunaea","Physalopteridae","Animal parasites",,4982.409,18886.119
,"Thylonema","Chabertiidae","Animal parasites",,,3726.289
,"Thylostrongylus","Chabertiidae","Animal parasites",,,3726.289
,"Timmungella","Ungellidae","Animal parasites",,,13.088
,"Tlacuatzoxyuris","Oxyuridae","Animal parasites",,,863.815
,"Tonoscolecinema","Drilonematidae","Animal parasites",,0.502,15.394
,"Torquenema","Chabertiidae","Animal parasites",,11286.939,3726.289
,"Torrestrongylus","Molineidae","Animal parasites",,,757.114
,"Torynurus","Pseudaliidae","Animal parasites",,,
,"Touzeta","Quimperiidae","Animal parasites",,,49.987
,"Toxascaris","Ascarididae","Animal parasites",,193861.496,1328679.075
,"Toxocara","Ascarididae","Animal parasites",,469311.523,1328679.075
,"Trachypharynx","Chabertiidae","Animal parasites",,,3726.289
,"Trakiosia","Thelastomatidae","Animal parasites",,,235.402
,"Travnema","Pharyngodonidae","Animal parasites",,,568.973
,"Travassosinema","Travassosinematidae","Animal parasites",,,64.27
,"Travassosnema","Guyanemidae","Animal parasites",,242.412,3143.404
,"Travassosius","Trichostrongylidae","Animal parasites",,,88.593
,"Travassostrongylus","Viannaiidae","Animal parasites",,,25.089
,"Trichinella","Trichinellidae","Animal parasites",,7.875,7.875
,"Trichochenia","Molineidae","Animal parasites",,,757.114
,"Trichofreitasia","Heligmonellidae","Animal parasites",,,360.479
,"Trichohelix","Molineidae","Animal parasites",,,757.114
,"Tricholeiperia","Molineidae","Animal parasites",,,757.114
,"Tricholinstowia","Heligmonellidae","Animal parasites",,,360.479
,"Trichoskrjabibia","Molineidae","Animal parasites",,,757.114
,"Trichosomoides","Trichosomoididae","Animal parasites",,,
,"Trichospirura","Thelaziidae","Animal parasites",,,9768.474
,"Trichostrongyella","Trichostrongylidae","Animal parasites",,,88.593
,"Trichostrongylus","Trichostrongylidae","Animal parasites",,19.601,88.593
,"Trichotravassosia","Heligmonellidae","Animal parasites",,,360.479
,"Trichuris","Trichuridae","Animal parasites",,343558.981,240513.096
,"Tridentoinfundibulum","Strongylidae","Animal parasites",,,40735.171
,"Trifurcata","Molineidae","Animal parasites",,,757.114
,"Trigonostonema","Chabertiidae","Animal parasites",,,3726.289
,"Trilobostrongylus","Angiostrongylidae","Animal parasites",,,994.307
,"Triodontophorus","Strongylidae","Animal parasites",,4700.389,40735.171
,"Triumphalisnema","Hystrignathidae","Animal parasites",,,67.62
,"Troglostrongylus","Crenosomatidae","Animal parasites",,,679.122
,"Trophomermis","Mermithidae","Animal parasites",,,7216.208
,"Truttaedacnitis","Cucullanidae","Animal parasites",,,2404.157
,"Trypanoxyuris","Oxyuridae","Animal parasites",,,863.815
,"Tsuganema","Thelastomatidae","Animal parasites",,,235.402
,"Tuhmai","Hystrignathidae","Animal parasites",,12.565,67.62
,"Tupaiostrongylus","Molineidae","Animal parasites",,17.545,757.114
,"Turgida","Physalopteridae","Animal parasites",,,18886.119
,"Tutunema","Hethidae","Animal parasites",,,31.553
,"Typhlophorus","Heterocheilidae","Animal parasites",,215.938,246831.767
,"Typhlopsia","Molineidae","Animal parasites",,,757.114
,"Umingmakstrongylus","Protosrongylidae","Animal parasites",,,759.052
,"Uncinaria","Ancylostomatidae","Animal parasites",,1062.925,1808.409
,"Ungella","Ungellidae","Animal parasites",,6.169,13.088
,"Unicorninema","Ungellidae","Animal parasites",,,13.088
,"Urbanonema","Hystrignathidae","Animal parasites",,37.993,67.62
,"Urodelnema","Kathlaniidae","Animal parasites",,,2239.415
,"Urucuia","Carnoyidae","Animal parasites",,,118.275
,"Varestrongylus","Protosrongylidae","Animal parasites",,,759.052
,"Vaucherus","Herpetostrongylidae","Animal parasites",,,73.871
,"Ventelia","Hystrignathidae","Animal parasites",,,67.62
,"Vexillata","Ornithostrongylidae","Animal parasites",,,174.203
,"Viannaia","Viannaiidae","Animal parasites",,25.089,25.089
,"Viannella","Viannaiidae","Animal parasites",,,25.089
,"Viguiera","Habronematidae","Animal parasites",,67.632,3692.59
,"Viverrostrongylus","Angiostrongylidae","Animal parasites",,,994.307
,"Vogeloides","Pneumospiruridae","Animal parasites",,,
,"Vogtnema","Atractidae","Animal parasites",,,187.652
,"Vulcanonema","Hystrignathidae","Animal parasites",,,67.62
,"Wachekitylenchus","Parasitylenchidae","Animal parasites",,,14.61
,"Waerebekeia","Carnoyidae","Animal parasites",,,118.275
,"Wakubitinema","Quimperiidae","Animal parasites",,,49.987
,"Wallabicola","Chabertiidae","Animal parasites",,0,3726.289
,"Wanaristrongylus","Amphibiophilidae","Animal parasites",,,50.95
,"Websternema","Molineidae","Animal parasites",,,757.114
,"Wellcomia","Oxyuridae","Animal parasites",,,863.815
,"Wetanema","Thelastomatidae","Animal parasites",,,235.402
,"Woodwardostrongylus","Chabertiidae","Animal parasites",,,3726.289
,"Woolleya","Herpetostrongylidae","Animal parasites",,,73.871
,"Wuchereria","Onchocercidae","Animal parasites",,0,24238.879
,"Wuia","Chabertiidae","Animal parasites",,,3726.289
,"Wuinema","Quimperiidae","Animal parasites",,,49.987
,"Xericola","Heligmonellidae","Animal parasites",,,360.479
,"Xustronema","Rhigonematidae","Animal parasites",,,968.52
,"Xystrognathus","Ichthyocephalidae","Animal parasites",,0,159.257
,"Xyo","Hystrignathidae","Animal parasites",,0,67.62
,"Yagansiella","Ungellidae","Animal parasites",,16.118,13.088
,"Yatinema","Heligmonellidae","Animal parasites",,0,360.479
,"Zaglonema","Mackerrastrongylidae","Animal parasites",,,
,"Zalophora","Rhigonematidae","Animal parasites",,,968.52
,"Zeylanema","Camallanidae","Animal parasites",,,2996.315
,"Zoniolaimus","Chabertiidae","Animal parasites",,,3726.289
,"Ablechroiulus","Rhabditidae","Bacterial feeders",1,4.145,5.766
"丽突属","Acrobeles","Cephalobidae","Bacterial feeders",2,0.64,0.484
"拟丽突属","Acrobeloides","Cephalobidae","Bacterial feeders",2,1.194,0.484
,"Acrobelophis","Cephalobidae","Bacterial feeders",2,0.246,0.484
,"Acrolobus","Cephalobidae","Bacterial feeders",2,0.136,0.484
,"Acromoldavicus","Elaphonematidae","Bacterial feeders",2,0.559,0.291
,"Acrostichus","Diplogastridae","Bacterial feeders",1,0.605,2.388
,"Acroukranicus","Cephalobidae","Bacterial feeders",2,,0.484
"无咽属","Alaimus","Alaimidae","Bacterial feeders",4,0.561,0.561
,"Alloionema","Alloionematidae","Bacterial feeders",1,7.083,3.592
"高杯侧器属","Amphidelus","Amphidelidae","Bacterial feeders",4,1.306,0.623
,"Amphidirhabditis","Rhabditidae","Bacterial feeders",,0.737,5.766
"拟绕线属","Anaplectus","Plectidae","Bacterial feeders",2,1.497,0.736
"拟鳗线属","Anguilluloides","Panagrolaimidae","Bacterial feeders",1,,0.874
"无齿属","Anonchus","Aphanolaimidae","Bacterial feeders",3,0.901,0.723
"隐咽属","Aphanolaimus","Aphanolaimidae","Bacterial feeders",3,0.335,0.723
,"Aphanonchus","Aphanolaimidae","Bacterial feeders",3,1.423,0.723
,"Arctiplectus","Plectidae","Bacterial feeders",2,,0.736
,"Aspidonema","Bunonematidae","Bacterial feeders",1,0.13,0.111
,"Auanema","Rhabditidae","Bacterial feeders",1,2.38,5.766
"管咽属","Aulolaimus","Aulolaimidae","Bacterial feeders",3,0.227,0.284
,"Baldwinema","Panagrolaimidae","Bacterial feeders",1,0.045,0.874
"巴氏属","Bastiania","Bastianiidae","Bacterial feeders",3,0.174,0.19
,"Baujardia","Panagrolaimidae","Bacterial feeders",1,6.926,0.874
,"Bicirronema","Bicirronematidae","Bacterial feeders",2,0.598,0.328
"短腔属","Brevibucca","Brevibuccidae","Bacterial feeders",1,,0.622
,"Brevistoma","Panagrolaimidae","Bacterial feeders",1,,0.874
,"Buetschlinema","Rhabditidae","Bacterial feeders",1,3.343,5.766
,"Bunonema","Bunonematidae","Bacterial feeders",1,0.064,0.111
,"Bursilla","Rhabditidae","Bacterial feeders",1,0.449,5.766
,"Butlerius","Diplogastridae","Bacterial feeders",1,1.21,2.388
"广杆属","Caenorhabditis","Rhabditidae","Bacterial feeders",3,2.093,5.766
,"Caribplectus","Chronogastridae","Bacterial feeders",3,,0.491
,"Carinoscapter","Diploscapteridae","Bacterial feeders",1,,0.257
,"Caudpilla","Rhabditidae","Bacterial feeders",1,,5.766
,"Caviputa","Amphidelidae","Bacterial feeders",4,0.098,0.623
,"Cephaloboides","Rhabditidae","Bacterial feeders",1,,5.766
"头叶属","Cephalobus","Cephalobidae","Bacterial feeders",2,0.266,0.484
"角绕线属","Ceratoplectus","Plectidae","Bacterial feeders",2,0.462,0.736
"鹿角唇属","Cervidellus","Cephalobidae","Bacterial feeders",2,0.174,0.484
"张伯塞线虫属","Chambersiella","Chambersiellidae","Bacterial feeders",2,,0.854
,"Chiloplacoides","Cephalobidae","Bacterial feeders",2,0.733,0.484
"板唇属","Chiloplacus","Cephalobidae","Bacterial feeders",2,0.534,0.484
"唇绕线属","Chiloplectus","Plectidae","Bacterial feeders",2,0.602,0.736
,"Choriorhabditis","Rhabditidae","Bacterial feeders",1,,5.766
,"Chromadorina","Chromadoridae","Bacterial feeders",3,0.396,2.057
,"Chromadorissa","Chromadoridae","Bacterial feeders",3,,2.057
"色矛属","Chromadorita","Hypodontolaimidae/Chromadoridae","Bacterial feeders",3,1.28,1.189
"连胃属","Chronogaster","Chronogastridae","Bacterial feeders",3,0.491,0.491
,"Chylorhabditis","Rhabditidae","Bacterial feeders",1,3.58,5.766
,"Coarctadera","Rhabditidae","Bacterial feeders",1,6.619,5.766
,"Cornilaimus","Chambersiellidae","Bacterial feeders",2,1.206,0.854
,"Craspedonema","Bunonematidae","Bacterial feeders",1,0.254,0.111
,"Cribronema","Cephalobidae","Bacterial feeders",2,0.039,0.484
,"Cristamphidelus","Amphidelidae","Bacterial feeders",4,,0.623
,"Crustorhabditis","Rhabditidae","Bacterial feeders",1,14.915,5.766
,"Cruznema","Rhabditidae","Bacterial feeders",1,3.71,5.766
,"Curviditis","Rhabditidae","Bacterial feeders",1,3.788,5.766
,"Cuticonema","Brevibuccidae","Bacterial feeders",1,,0.622
,"Cuticularia","Rhabditidae","Bacterial feeders",1,1.172,5.766
"柱咽属","Cylindrolaimus","Diplopeltidae","Bacterial feeders",3,0.454,1.786
,"Cynura","Chronogastridae","Bacterial feeders",3,,0.491
,"Deficephalobus","Osstellidae","Bacterial feeders",2,0.295,0.216
,"Deleyia","Myolaimidae","Bacterial feeders",2,0.186,0.467
,"Demaniella","Diplogastridae","Bacterial feeders",1,0.973,2.388
"索咽属","Desmolaimus","Linhomoeidae","Bacterial feeders",3,1.491,8.979
,"Diastolaimus","Chambersiellidae","Bacterial feeders",2,0.919,0.854
,"Dintheria","Bastianiidae","Bacterial feeders",3,0.271,0.19
,"Diplenteron","Neodiplogastridae","Bacterial feeders",1,4.427,4.39
"双胃属","Diplogaster","Diplogastridae","Bacterial feeders",1,1.886,2.388
"异双胃属","Diplogasteriana","Diplogastridae","Bacterial feeders",1,1.604,2.388
,"Diplogasteritus","Diplogastridae","Bacterial feeders",1,0.631,2.388
"类双胃属","Diplogasteroides","Diplogasteroididae","Bacterial feeders",1,0.802,0.774
"小双胃属","Diplogastrellus","Diplogastridae","Bacterial feeders",1,0.507,2.388
"钩唇属","Diploscapter","Diploscapteridae","Bacterial feeders",1,0.257,0.257
,"Diploscapteroides","Rhabditidae","Bacterial feeders",1,2.155,5.766
,"Distolabrellus","Rhabditidae","Bacterial feeders",1,3.226,5.766
,"Distorhabditis","Rhabditidae","Bacterial feeders",1,,5.766
,"Dolichorhabditis","Rhabditidae","Bacterial feeders",1,1.603,5.766
"圆顶属","Domorganus","Ohridiidae","Bacterial feeders",3,1.256,1.256
,"Drilocephalobus","Osstellidae","Bacterial feeders",2,0.1,0.216
,"Elaphonema","Elaphonematidae","Bacterial feeders",2,0.241,0.291
"艾瑞属","Ereptonema","Plectidae","Bacterial feeders",2,0.068,0.736
,"Etamphidelus","Amphidelidae","Bacterial feeders",4,,0.623
"真头叶属","Eucephalobus","Cephalobidae","Bacterial feeders",2,0.236,0.484
,"Eudiplogasterium","Diplogastridae","Bacterial feeders",1,3.606,2.388
"真单宫属","Eumonhystera","Monhysteridae","Bacterial feeders",1,0.205,0.691
"真畸头属","Euteratocephalus","Teratocephalidae","Bacterial feeders",3,0.263,0.142
,"Fescia","Chambersiellidae","Bacterial feeders",2,,0.854
,"Fictor","Neodiplogastridae","Bacterial feeders",1,0.948,4.39
,"Fuchsnema","Diplogasteroididae","Bacterial feeders",1,0.917,0.774
,"Geohaliplectus","Haliplectidae","Bacterial feeders",2,,0.719
"地单宫属","Geomonhystera","Monhysteridae","Bacterial feeders",1,0.283,0.691
,"Geraldius","Chambersiellidae","Bacterial feeders",2,1.699,0.854
,"Goffartia","Diplogasteroididae","Bacterial feeders",1,0.354,0.774
,"Haematozoon","Rhabditidae","Bacterial feeders",1,4.818,5.766
"哈利头叶属","Halicephalobus","Panagrolaimidae","Bacterial feeders",1,0.053,0.874
,"Halirhabdolaimus","Haliplectidae","Bacterial feeders",2,,0.719
,"Hemiplectus","Plectidae","Bacterial feeders",2,2.484,0.736
,"Heterocephalobellus","Cephalobidae","Bacterial feeders",2,0.345,0.484
"异头叶属","Heterocephalobus","Cephalobidae","Bacterial feeders",2,0.356,0.484
,"Heterorhabditis","Heterorhabditidae","Bacterial feeders",1,70.179,70.179
,"Isolaimium","Isolaimiidae","Bacterial feeders",5,22.232,22.232
,"Keralonema","Chronogastridae","Bacterial feeders",3,,0.491
,"Kirjanovia","Elaphonematidae","Bacterial feeders",2,0.134,0.291
,"Kischkenema","Chronogastridae","Bacterial feeders",3,,0.491
,"Laxamphidelus","Amphidelidae","Bacterial feeders",4,,0.623
,"Leptolaimus","Leptolaimidae","Bacterial feeders",3,0.382,0.755
,"Levipalatum","Diplogastridae","Bacterial feeders",1,4.529,2.388
,"Macrolaimellus","Cephalobidae","Bacterial feeders",2,0.121,0.484
,"Macrolaimus","Chambersiellidae","Bacterial feeders",2,0.574,0.854
,"Manunema","Leptolaimidae","Bacterial feeders",3,,0.755
,"Matthesonema","Rhabditidae","Bacterial feeders",1,0.854,5.766
,"Mediolaimus","Rhabdolaimidae","Bacterial feeders",3,0.067,0.094
,"Megamphidelus","Amphidelidae","Bacterial feeders",4,,0.623
"中杆属","Mesorhabditis","Rhabditidae","Bacterial feeders",1,0.568,5.766
,"Metacrobeles","Cephalobidae","Bacterial feeders",2,4.781,0.484
,"Metacrolobus","Cephalobidae","Bacterial feeders",2,,0.484
"后双胃属","Metadiplogaster","Diplogastridae","Bacterial feeders",1,1.33,2.388
,"Metamphidelus","Amphidelidae","Bacterial feeders",4,0.505,0.623
,"Metarhabditis","Rhabditidae","Bacterial feeders",1,1.304,5.766
"后畸头属","Metateratocephalus","Teratocephalidae","Bacterial feeders",3,0.073,0.142
"嗜腐属","Micoletzkya","Neodiplogastridae","Bacterial feeders",1,34.439,4.39
"微咽属","Microlaimus","Microlaimidae","Bacterial feeders",3,0.41,0.566
"单宫属","Monhystera","Monhysteridae","Bacterial feeders",1,0.918,0.691
"小单宫属","Monhystrella","Monhysteridae","Bacterial feeders",1,0.076,0.691
,"Monobutlerius","Diplogastridae","Bacterial feeders",1,,2.388
,"Myolaimus","Myolaimidae","Bacterial feeders",2,0.56,0.467
,"Neoalloionema","Alloionematidae","Bacterial feeders",1,1.297,3.592
,"Neocephalobus","Panagrolaimidae","Bacterial feeders",1,0.245,0.874
,"Neochromadora","Hypodontolaimidae","Bacterial feeders",3,0.47,1.189
,"Neodiplogaster","Neodiplogastridae","Bacterial feeders",1,1.018,4.39
,"Neorhabditis","Rhabditidae","Bacterial feeders",1,,5.766
,"Neosteinernema","Steinernematidae","Bacterial feeders",2,,164.011
,"Neotylocephalus","Plectidae","Bacterial feeders",2,0.04,0.736
,"Nothacrobeles","Cephalobidae","Bacterial feeders",2,0.363,0.484
"齿腔属","Odontolaimus","Odontolaimidae","Bacterial feeders",3,0.16,0.16
,"Operculorhabditis","Rhabditidae","Bacterial feeders",1,1.4,5.766
,"Oscheius","Rhabditidae","Bacterial feeders",1,6.596,5.766
,"Osstella","Osstellidae","Bacterial feeders",2,0.21,0.216
,"Pakira","Plectidae","Bacterial feeders",2,,0.736
"浅腔属","Panagrellus","Panagrolaimidae","Bacterial feeders",1,2.262,0.874
,"Panagrobelium","Panagrolaimidae","Bacterial feeders",1,,0.874
"瓣唇属","Panagrobelus","Panagrolaimidae","Bacterial feeders",1,0.529,0.874
"盆咽属","Panagrolaimus","Panagrolaimidae","Bacterial feeders",1,0.656,0.874
,"Panagrolobus","Cephalobidae","Bacterial feeders",2,0.07,0.484
,"Panagroteratus","Cephalobidae","Bacterial feeders",2,,0.484
,"Paracephalobus","Cephalobidae","Bacterial feeders",2,0.595,0.484
,"Paracrobeles","Cephalobidae","Bacterial feeders",2,0.494,0.484
"拟高杯侧器属","Paramphidelus","Amphidelidae","Bacterial feeders",4,0.198,0.623
"类隐咽属","Paraphanolaimus","Aphanolaimidae","Bacterial feeders",3,0.715,0.723
,"Parapristionchus","Diplogastridae","Bacterial feeders",1,,2.388
,"Parasitorhabditis","Rhabditidae","Bacterial feeders",1,1.242,5.766
,"Paroigolaimella","Diplogastridae","Bacterial feeders",1,1.204,2.388
,"Pellioditis","Rhabditidae","Bacterial feeders",1,8.208,5.766
"三等齿属","Pelodera","Rhabditidae","Bacterial feeders",1,8.5,5.766
"木盾移属","Peltamigratus","Hoplolaimidae","Bacterial feeders",1,0.407,0.593
,"Penjatinema","Cephalobidae","Bacterial feeders",2,0.931,0.484
,"Perioplectus","Plectidae","Bacterial feeders",2,,0.736
,"Phasmarhabditis","Rhabditidae","Bacterial feeders",1,15.222,5.766
"板环属","Placodira","Cephalobidae","Bacterial feeders",2,0.788,0.484
"扭钩属","Plectonchus","Brevibuccidae","Bacterial feeders",1,0.56,0.622
"绕线属","Plectus","Plectidae","Bacterial feeders",2,0.887,0.736
"异咽属","Poikilolaimus","Rhabditidae","Bacterial feeders",1,0.348,5.766
,"Postamphidelus","Amphidelidae","Bacterial feeders",4,,0.623
"棱咽属","Prismatolaimus","Prismatolaimidae","Bacterial feeders",3,0.357,0.357
,"Procephalobus","Panagrolaimidae","Bacterial feeders",1,0.552,0.874
,"Prodontorhabditis","Rhabditidae","Bacterial feeders",1,,5.766
,"Propanagrolaimus","Panagrolaimidae","Bacterial feeders",1,0.569,0.874
,"Protopoikilolaimus","Rhabditidae","Bacterial feeders",1,,5.766
"原杆属","Protorhabditis","Rhabditidae","Bacterial feeders",1,0.264,5.766
,"Pseudacrobeles","Cephalobidae","Bacterial feeders",2,0.217,0.484
,"Pseudoaulolaimus","Aulolaimidae","Bacterial feeders",3,0.795,0.284
,"Pterygorhabditis","Pterygorhabditidae","Bacterial feeders",1,0.391,0.391
,"Pterygorhitis","Pterygorhabditidae","Bacterial feeders",1,,0.391
,"Rhabditella","Rhabditidae","Bacterial feeders",1,3.879,5.766
,"Rhabditidoides","Diplogastridae","Bacterial feeders",1,0.402,2.388
"小杆属","Rhabditis","Rhabditidae","Bacterial feeders",1,19.62,5.766
,"Rhabditoides","Rhabditidae","Bacterial feeders",1,7.183,5.766
"伪杆咽属","Rhabditolaimus","Diplogastridae","Bacterial feeders",1,1.424,2.388
,"Rhabditonema","Rhabditidae","Bacterial feeders",1,,5.766
"明杆属","Rhabditophanes","Alloionematidae","Bacterial feeders",1,1.91,3.592
"杆咽属","Rhabdolaimus","Rhabdolaimidae","Bacterial feeders",3,0.107,0.094
,"Rhabpanus","Rhabditidae","Bacterial feeders",1,1.215,5.766
,"Rhodolaimus","Bunonematidae","Bacterial feeders",1,0.142,0.111
,"Rhomborhabditis","Rhabditidae","Bacterial feeders",1,5.608,5.766
,"Rogerus","Rhabdolaimidae","Bacterial feeders",,,0.094
,"Rugoster","Chronogastridae","Bacterial feeders",3,,0.491
,"Santafea","Chambersiellidae","Bacterial feeders",2,,0.854
,"Saprorhabditis","Rhabditidae","Bacterial feeders",1,0.56,5.766
,"Scleralaimus","Amphidelidae","Bacterial feeders",4,,0.623
,"Scleramphidelus","Amphidelidae","Bacterial feeders",4,0.649,0.623
,"Sclerorhabditis","Rhabditidae","Bacterial feeders",1,,5.766
,"Scottnema","Cephalobidae","Bacterial feeders",2,0.44,0.484
,"Seleborca","Cephalobidae","Bacterial feeders",2,0.403,0.484
,"Spinocephalus","Cephalobidae","Bacterial feeders",2,0.322,0.484
,"Stegelleta","Cephalobidae","Bacterial feeders",2,0.172,0.484
,"Stegelletina","Cephalobidae","Bacterial feeders",2,0.073,0.484
,"Stegorhabditis","Rhabditidae","Bacterial feeders",1,0.444,5.766
,"Steinernema","Steinernematidae","Bacterial feeders",2,164.011,164.011
"异畸头属","Steratocephalus","Teratocephalidae","Bacterial feeders",3,,0.142
,"Stomachorhabditis","Rhabditidae","Bacterial feeders",1,0.469,5.766
,"Sudhausia","Diplogastridae","Bacterial feeders",1,1.879,2.388
,"Tarantobelus","Brevibuccidae","Bacterial feeders",1,1.234,0.622
"畸头属","Teratocephalus","Teratocephalidae","Bacterial feeders",3,0.084,0.142
,"Teratodiplogaster","Diplogastridae","Bacterial feeders",1,1.833,2.388
,"Teratolobus","Cephalobidae","Bacterial feeders",2,0.137,0.484
,"Teratorhabditis","Rhabditidae","Bacterial feeders",1,2.23,5.766
,"Tokorhabditis","Rhabditidae","Bacterial feeders",1,2.385,5.766
,"Tricephalobus","Panagrolaimidae","Bacterial feeders",1,0.395,0.874
,"Tricirronema","Bicirronematidae","Bacterial feeders",2,0.3,0.328
,"Trualaimus","Bicirronematidae","Bacterial feeders",2,0.257,0.328
,"Turbatrix","Panagrolaimidae","Bacterial feeders",1,1.438,0.874
"角头属","Tylocephalus","Plectidae","Bacterial feeders",2,0.212,0.736
,"Udonchus","Rhabdolaimidae","Bacterial feeders",3,0.071,0.094
"威尔斯属","Wilsonema","Plectidae","Bacterial feeders",2,0,0.736
,"Xylorhabditis","Rhabditidae","Bacterial feeders",1,0,5.766
,"Yeatesinia","Plectidae","Bacterial feeders",2,0,0.736
,"Ypsilonellus","Cephalobidae","Bacterial feeders",2,,0.484
,"Zeldia","Cephalobidae","Bacterial feeders",2,0,0.484
,"Alirhabditis","Alirhabditidae","Bacterial feeders",1,0.055,0.055
,"Parasitodiplogaster","Diplogastridae","Bacterial feeders",1,4.344,2.388
,"Paraethmolaimus","Ethmolaimidae","Brackish/Marine nematodes",,,0.591
"异色矛属","Achromadora","Achromadoridae","Eucaryote feeders",3,0.313,0.313
,"Glauxinema","Neodiplogastridae","Eucaryote feeders",1,1.344,4.39
,"Koerneria","Neodiplogastridae","Eucaryote feeders",1,0.074,4.39
,"Mononchoides","Neodiplogastridae","Eucaryote feeders",1,1.211,4.39
,"Oigolaimella","Neodiplogastridae","Eucaryote feeders",1,0.442,4.39
,"Pareudiplogaster","Neodiplogastridae","Eucaryote feeders",1,0.735,4.39
,"Eophasma","Eophasmidae","Fossil nematodes",,,
,"Ethmolaimus","Ethmolaimidae","Freshwater nematodes",,0.591,0.591
,"Sacrimarinema","Xyalidae","Freshwater nematodes",,3.004,2.363
,"Acephalodorylaimus","Encholaimidae","Fungus feeders",4,0.126,0.314
,"Aculonchus","Leptonchidae","Fungus feeders",4,0.204,0.78
,"Aenigmenchus","Tylopharyngidae","Fungus feeders",2,,0.627
,"Agmodorus","Leptonchidae","Fungus feeders",4,,0.78
,"Albiziaphelenchus","Aphelenchoididae","Fungus feeders",2,,0.207
,"Anguillonema","Neotylenchidae","Fungus feeders",2,0.3,0.85
,"Anomyctus","Aphelenchoididae","Fungus feeders",2,0.317,0.207
"滑刃属","Aphelenchoides","Aphelenchoididae","Fungus feeders",2,0.15,0.207
"真滑刃属","Aphelenchus","Aphelenchidae","Fungus feeders",2,0.218,0.299
,"Apoleptonchus","Leptonchidae","Fungus feeders",4,,0.78
,"Aprutides","Aphelenchoididae","Fungus feeders",2,0.058,0.207
,"Arganema","Leptonchidae","Fungus feeders",4,0.239,0.78
,"Athernema","Mydonomidae","Fungus feeders",4,,2.356
,"Basilaphelenchus","Aphelenchoididae","Fungus feeders",2,0.055,0.207
,"Basirotyleptus","Leptonchidae","Fungus feeders",4,0.186,0.78
,"Bealius","Paurodontidae","Fungus feeders",,,0.194
,"Bertzuckermania","Leptonchidae","Fungus feeders",4,,0.78
,"Capilonchus","Tylencholaimidae","Fungus feeders",4,,1.318
,"Caveonchus","Leptonchidae","Fungus feeders",4,0.509,0.78
,"Cephalodorylaimus","Encholaimidae","Fungus feeders",4,0.489,0.314
,"Chitwoodielloides","Tylencholaimidae","Fungus feeders",4,,1.318
,"Chitwoodiellus","Tylencholaimidae","Fungus feeders",4,0.929,1.318
,"Chitwoodius","Tylencholaimidae","Fungus feeders",4,3.538,1.318
,"Clavigula","Leptonchidae","Fungus feeders",4,,0.78
,"Coronatylencholaimellus","Tylencholaimellidae","Fungus feeders",,,0.584
,"Coronatyleptus","Leptonchidae","Fungus feeders",4,,0.78
,"Cricodorylaimus","Tylencholaimidae","Fungus feeders",4,0.535,1.318
,"Cryptaphelenchoides","Aphelenchoididae","Fungus feeders",2,,0.207
,"Cryptaphelenchus","Aphelenchoididae","Fungus feeders",2,0.049,0.207
,"Curvidorylaimus","Tylencholaimidae","Fungus feeders",4,6.404,1.318
,"Deladenus","Neotylenchidae","Fungus feeders",2,0.871,0.85
,"Delatylus","Neotylenchidae","Fungus feeders",2,0.314,0.85
"膜皮属","Diphtherophora","Diphtherophoridae","Fungus feeders",3,0.504,0.627
"盘腔属","Discomyctus","Tylencholaimidae","Fungus feeders",4,0.262,1.318
,"Ditylenchoides","Anguinidae","Fungus feeders",2,0.528,6.368
,"Dorella","Tylencholaimellidae","Fungus feeders",4,,0.584
"短矛属","Doryllium","Tylencholaimellidae","Fungus feeders",4,0.236,0.584
,"Dotylaphus","Neotylenchidae","Fungus feeders",2,0.182,0.85
,"Echinodorus","Encholaimidae","Fungus feeders",4,0.503,0.314
,"Encholaimus","Encholaimidae","Fungus feeders",4,0.14,0.314
"丝尾垫刃属","Filenchus","Tylenchidae","Fungus feeders",2,0.099,0.158
"弗那属","Funaria","Leptonchidae","Fungus feeders",4,1.898,0.78
,"Fungiotonchium","Iotonchiidae","Fungus feeders",4,2.902,3.645
,"Gerthus","Tylencholaimellidae","Fungus feeders",4,,0.584
,"Glochidorella","Leptonchidae","Fungus feeders",4,,0.78
,"Goferus","Tylencholaimellidae","Fungus feeders",4,,0.584
,"Gymnotylenchus","Neotylenchidae","Fungus feeders",,,0.85
,"Gymnotyleptus","Leptonchidae","Fungus feeders",4,,0.78
,"Hadrodenus","Neotylenchidae","Fungus feeders",2,0.149,0.85
,"Helmabia","Encholaimidae","Fungus feeders",4,,0.314
,"Hexatylus","Neotylenchidae","Fungus feeders",2,1.251,0.85
,"Heynsnema","Tylencholaimidae","Fungus feeders",4,,1.318
,"Huntaphelenchoides","Aphelenchoididae","Fungus feeders",2,0.226,0.207
,"Incanema","Leptonchidae","Fungus feeders",4,1.524,0.78
,"Iotonchium","Iotonchiidae","Fungus feeders",4,4.017,3.645
,"Kantbhalla","Leptonchidae","Fungus feeders",4,,0.78
,"Lawtonema","Tylencholaimidae","Fungus feeders",4,,1.318
"细齿属","Leptonchus","Leptonchidae","Fungus feeders",4,0.98,0.78
,"Loncharionema","Leptonchidae","Fungus feeders",4,0.482,0.78
,"Longibulbophora","Diphtherophoridae","Fungus feeders",3,,0.627
,"Margollus","Tylencholaimellidae","Fungus feeders",4,,0.584
,"Metadorylaimus","Tylencholaimidae","Fungus feeders",4,,1.318
,"Meylis","Leptonchidae","Fungus feeders",4,2.4,0.78
,"Meylonema","Tylencholaimidae","Fungus feeders",4,0.161,1.318
,"Mumtazium","Tylencholaimidae","Fungus feeders",4,,1.318
,"Nemabia","Encholaimidae","Fungus feeders",4,,0.314
,"Neometadorylaimus","Tylencholaimidae","Fungus feeders",4,7.253,1.318
"伪垫刃属","Nothotylenchus","Anguinidae","Fungus feeders",2,0.225,6.368
,"Oostenbrinkella","Tylencholaimellidae","Fungus feeders",4,,0.584
,"Opisthotyleptus","Leptonchidae","Fungus feeders",4,,0.78
,"Oxydiroides","Tylencholaimidae","Fungus feeders",4,,1.318
,"Pachydorylaimus","Tylencholaimidae","Fungus feeders",4,0.988,1.318
,"Paraleptonchus","Leptonchidae","Fungus feeders",4,,0.78
"拟滑刃属","Paraphelenchus","Aphelenchidae","Fungus feeders",2,0.336,0.299
,"Paratylencholaimus","Tylencholaimellidae","Fungus feeders",4,0.191,0.584
,"Phellonema","Tylencholaimellidae","Fungus feeders",4,,0.584
,"Proleptonchoides","Leptonchidae","Fungus feeders",4,,0.78
"原细齿属","Proleptonchus","Leptonchidae","Fungus feeders",4,1.279,0.78
,"Promumtazium","Tylencholaimidae","Fungus feeders",4,,1.318
,"Pseudaphelenchus","Aphelenchoididae","Fungus feeders",2,0.051,0.207
,"Pseudotylencholaimus","Tylencholaimidae","Fungus feeders",4,,1.318
,"Ptychaphelenchus","Aphelenchoididae","Fungus feeders",2,0.092,0.207
,"Punchaulus","Aphelenchoididae","Fungus feeders",2,,0.207
,"Punctoleptus","Leptonchidae","Fungus feeders",4,,0.78
,"Robustodorus","Aphelenchoididae","Fungus feeders",2,0.133,0.207
,"Rostrulium","Tylencholaimidae","Fungus feeders",4,,1.318
,"Rubzovinema","Neotylenchidae","Fungus feeders",2,,0.85
,"Ruehmaphelenchus","Aphelenchoididae","Fungus feeders",2,0.408,0.207
,"Scalpenchus","Leptonchidae","Fungus feeders",4,,0.78
,"Sclerolaimus","Leptonchidae","Fungus feeders",4,,0.78
,"Sclerostylus","Leptonchidae","Fungus feeders",4,0.32,0.78
,"Sheraphelenchus","Aphelenchoididae","Fungus feeders",2,0.328,0.207
"异球属","Stictylus","Neotylenchidae","Fungus feeders",2,0.591,0.85
,"Tantunema","Tylencholaimidae","Fungus feeders",4,,1.318
,"Trichonchium","Leptonchidae","Fungus feeders",4,,0.78
,"Tylaphelenchus","Aphelenchoididae","Fungus feeders",2,0.092,0.207
,"Tylenchodoroides","Tylencholaimidae","Fungus feeders",4,0.083,1.318
,"Tylenchodorus","Tylencholaimidae","Fungus feeders",4,,1.318
"瘤咽属","Tylencholaimellus","Tylencholaimellidae","Fungus feeders",4,0.709,0.584
"垫咽属","Tylencholaimus","Tylencholaimidae","Fungus feeders",4,0.397,1.318
,"Tyleptus","Leptonchidae","Fungus feeders",4,0.469,0.78
"巨宫属","Tylolaimophorus","Diphtherophoridae","Fungus feeders",3,0.872,0.627
,"Tylopharynx","Tylopharyngidae","Fungus feeders",2,0.627,0.627
,"Utahnema","Leptonchidae","Fungus feeders",4,0.357,0.78
,"Vanderlindia","Tylencholaimidae","Fungus feeders",4,,1.318
,"Wasimellus","Tylencholaimidae","Fungus feeders",4,,1.318
"小剑属","Xiphinemella","Leptonchidae","Fungus feeders",4,0,0.78
,"Zetalaimus","Leptonchidae","Fungus feeders",4,0,0.78
,"Dorygaster","Dorygasteridae","Unknown",,,
,"Paurodontella","Paurodontidae","Insect associates",3,0.191,0.194
,"Paurodontoides","Paurodontidae","Insect associates",3,,0.194
,"Sphaerularia","Sphaerulariidae","Insect associates",3,,0.194
,"Tripius","Sphaerulariidae","Insect associates",3,,0.194
,"Veleshkinema","Sphaerulariidae","Insect associates",3,0.277,0.194
,"Ceratosolenius","Cylindrocorporidae","Insect associates",,,
,"Cylindrocorpus","Cylindrocorporidae","Insect associates",,,
,"Ipiluella","Sphaerulariidae","Insect associates",,,0.194
,"Longibucca","Cylindrocorporidae","Insect associates",,,
,"Misticius","Paurodontidae","Insect associates",,,0.194
,"Myctolaimus","Cylindrocorporidae","Insect associates",,,
,"Neomisticius","Paurodontidae","Insect associates",,4.101,0.194
"柄端球属","Paurodontus","Paurodontidae","Insect associates",3,,0.194
,"Pauronemoides","Paurodontidae","Insect associates",3,0.577,0.194
,"Prothallonema","Sphaerulariidae","Insect associates",3,0.173,0.194
,"Protocylindrocorpus","Cylindrocorporidae","Insect associates",,,
,"Cephalobium","Diplogastridae","Insect associates",,,2.388
"伪双胃属","Pseudodiplogasteroides","Pseudiplogasteroididae","Insect associates",,,
,"Abelbolla","Enchelidiidae","Marine nematodes",,,39.81
,"Acantholaimus","Chromadoridae","Marine nematodes",,1.024,2.057
,"Acanthomicrolaimus","Microlaimidae","Marine nematodes",,,0.566
,"Acanthonchus","Cyatholaimidae","Marine nematodes",,,15.722
,"Acanthopharyngoides","Desmodoridae","Marine nematodes",,,3.459
,"Acanthopharynx","Desmodoridae","Marine nematodes",,2.754,3.459
,"Acontiolaimus","Camacolaimidae","Marine nematodes",,,3.116
,"Actarjania","Comesomatidae","Marine nematodes",,,2.421
,"Actinonema","Chromadoridae","Marine nematodes",,0.232,2.057
,"Adelonema","Diplopeltidae","Marine nematodes",,,1.786
,"Adelphus","Desmodoridae","Marine nematodes",,,3.459
,"Adeuchromadora","Chromadoridae","Marine nematodes",,,2.057
,"Admirandus","Oncholaimidae","Marine nematodes",,13.835,41.317
,"Adoncholaimus","Oncholaimidae","Marine nematodes",,54.865,41.317
,"Aegialoalaimus","Aegialoalaimidae","Marine nematodes",,9.852,9.852
,"Aequalodontium","Axonolaimidae","Marine nematodes",,,4.887
,"Africanema","Trefusiidae","Marine nematodes",,,0.627
,"Akanthepsilonema","Epsilonematidae","Marine nematodes",,0.606,1.242
,"Alaimella","Camacolaimidae","Marine nematodes",,,3.116
,"Alaimonema","Desmodoridae","Marine nematodes",,,3.459
,"Algoanema","Chromadoridae","Marine nematodes",,,2.057
,"Allgenia","Linhomoiedae","Marine nematodes",,,
,"Ammotheristus","Xyalidae","Marine nematodes",,,2.363
,"Amphimonhystera","Xyalidae","Marine nematodes",,0.274,2.363
,"Amphimonhystrella","Xyalidae","Marine nematodes",,0.054,2.363
,"Anguimonhystera","Monhysteridae","Marine nematodes",,,0.691
,"Anguinoides","Camacolaimidae","Marine nematodes",,,3.116
,"Anivanema","Leptosomatidae","Marine nematodes",,768.579,1806.723
,"Anomonema","Leptolaimidae","Marine nematodes",,,0.755
,"Anoplostoma","Anoplostomatidae","Marine nematodes",,2.276,2.116
,"Antarcticonema","Desmoscolecidae","Marine nematodes",,5.643,7.782
,"Anticoma","Anticomidae","Marine nematodes",,22.966,21.973
,"Anticomopsis","Anticomidae","Marine nematodes",,,21.973
,"Anticyathus","Linhomoeidae","Marine nematodes",,18.798,8.979
,"Anticyclus","Linhomoeidae","Marine nematodes",,,8.979
,"Antomicron","Leptolaimidae","Marine nematodes",,,0.755
,"Antopus","Anticomidae","Marine nematodes",,,21.973
,"Apodontium","Axonolaimidae","Marine nematodes",,,4.887
,"Aponchium","Aponchiidae","Marine nematodes",,,
,"Aponcholaimus","Linhomoeidae","Marine nematodes",,,8.979
,"Aponema","Microlaimidae","Marine nematodes",,0.519,0.566
,"Araeolaimus","Diplopeltidae","Marine nematodes",,,1.786
,"Archepsilonema","Epsilonematidae","Marine nematodes",,,1.242
,"Aronema","Enchelidiidae","Marine nematodes",,,39.81
,"Ascolaimus","Axonolaimidae","Marine nematodes",,,4.887
,"Astomonema","Siphonolaimidae","Marine nematodes",,4.5,14.954
,"Asymmelaimus","Comesomatidae","Marine nematodes",,,2.421
,"Asymmetrella","Oncholaimidae","Marine nematodes",,,41.317
,"Atrochromadora","Chromadoridae","Marine nematodes",,,2.057
,"Aulostomonema","Linhomoeidae","Marine nematodes",,,8.979
,"Austranema","Chromadoridae","Marine nematodes",,,2.057
,"Axonolaimus","Axonolaimidae","Marine nematodes",,1.212,4.887
,"Barbonema","Leptosomatidae","Marine nematodes",,,1806.723
,"Bathyepsilonema","Epsilonematidae","Marine nematodes",,0.569,1.242
,"Bathyeurystomina","Enchelidiidae","Marine nematodes",,23.213,39.81
,"Bathylaimella","Linhomoeidae","Marine nematodes",,,8.979
,"Bathynox","Microlaimidae","Marine nematodes",,,0.566
,"Belbolla","Enchelidiidae","Marine nematodes",,21.953,39.81
,"Bendiella","Selachinematidae","Marine nematodes",,0.059,5.665
,"Biarmifer","Cyatholaimidae","Marine nematodes",,,15.722
,"Bodonema","Bodonematidae","Marine nematodes",,3.448,3.448
,"Bolbolaimus","Microlaimidae","Marine nematodes",,,0.566
,"Bolbonema","Desmodoridae","Marine nematodes",,1.061,3.459
,"Bongersia","Leptosomatidae","Marine nematodes",,,1806.723
,"Boreomicrolaimoides","Linhomoeidae","Marine nematodes",,,8.979
,"Boucherius","Meyliidae","Marine nematodes",,,
,"Bradylaimus","Desmodoridae","Marine nematodes",,,3.459
,"Caligocanna","Microlaimidae","Marine nematodes",,,0.566
,"Calligyrus","Desmoscolecidae","Marine nematodes",,0.209,7.782
,"Calomicrolaimus","Microlaimidae","Marine nematodes",,,0.566
,"Calyptronema","Enchelidiidae","Marine nematodes",,,39.81
,"Camacolaimoides","Camacolaimidae","Marine nematodes",,,3.116
,"Camacolaimus","Camacolaimidae","Marine nematodes",,,3.116
,"Campylaimus","Diplopeltidae","Marine nematodes",,,1.786
,"Capsula","Xyalidae","Marine nematodes",,,2.363
,"Catanema","Desmodoridae","Marine nematodes",,,3.459
,"Cephalanticoma","Anticomidae","Marine nematodes",,,21.973
,"Cephalochaetosoma","Draconematidae","Marine nematodes",,5.65,2.922
,"Ceramonema","Ceramonematidae","Marine nematodes",,0.561,0.555
,"Ceratosphaerolaimus","Sphaerolaimidae","Marine nematodes",,,7.415
,"Cervonema","Comesomatidae","Marine nematodes",,1.755,2.421
,"Chaetonema","Anoplostomatidae","Marine nematodes",,1.478,2.116
,"Cheironchus","Selachinematidae","Marine nematodes",,11.008,5.665
,"Chitwoodia","Axonolaimidae","Marine nematodes",,,4.887
,"Chloronemella","Linhomoeidae","Marine nematodes",,,8.979
,"Choniolaimus","Selachinematidae","Marine nematodes",,,5.665
,"Chromadora","Chromadoridae","Marine nematodes",,,2.057
,"Chromadorella","Chromadoridae","Marine nematodes",,,2.057
,"Chromadoropsis","Desmodoridae","Marine nematodes",,6.457,3.459
,"Chromaspirina","Desmodoridae","Marine nematodes",,3.896,3.459
,"Cienfuegia","Xyalidae","Marine nematodes",,1.527,2.363
,"Cinctonema","Microlaimidae","Marine nematodes",,,0.566
,"Cobbia","Xyalidae","Marine nematodes",,0.941,2.363
,"Cobbionema","Selachinematidae","Marine nematodes",,4.013,5.665
,"Comesa","Neotonchidae","Marine nematodes",,,2.328
,"Comesoma","Comesomatidae","Marine nematodes",,,2.421
,"Comesomoides","Comesomatidae","Marine nematodes",,,2.421
,"Coninckia","Linhomoeidae","Marine nematodes",,,8.979
,"Cornurella","Desmodoridae","Marine nematodes",,1.274,3.459
,"Corononema","Xyalidae","Marine nematodes",,,2.363
,"Corythostoma","Leptosomatidae","Marine nematodes",,,1806.723
,"Craspodema","Cyatholaimidae","Marine nematodes",,,15.722
,"Crenopharynx","Phanodermatidae","Marine nematodes",,174.689,105.262
,"Crestanema","Chromadoridae","Marine nematodes",,,2.057
,"Cricolaimus","Rhadinematidae","Marine nematodes",,1.694,1.548
,"Croconema","Desmodoridae","Marine nematodes",,5.908,3.459
,"Crossolaimus","Microlaimidae","Marine nematodes",,,0.566
,"Cryptolaimus","Linhomoeidae","Marine nematodes",,,8.979
,"Cyartonema","Aegialoalaimidae","Marine nematodes",,,9.852
,"Cyartonemoides","Aegialoalaimidae","Marine nematodes",,,9.852
,"Cyatholaimus","Cyatholaimidae","Marine nematodes",,,15.722
,"Cyathorobbea","Desmodoridae","Marine nematodes",,1.601,3.459
,"Cyathoshiva","Cyatholaimidae","Marine nematodes",,0.518,15.722
,"Cygnonema","Draconematidae","Marine nematodes",,2.45,2.922
,"Cylicolaimus","Leptosomatidae","Marine nematodes",,,1806.723
,"Cylindrotheristus","Xyalidae","Marine nematodes",,0.335,2.363
,"Cytolaimium","Trefusiidae","Marine nematodes",,,0.627
,"Dactylaimoides","Xyalidae","Marine nematodes",,,2.363
,"Dagda","Camacolaimidae","Marine nematodes",3,4.414,3.116
,"Daptonema","Xyalidae","Marine nematodes",,3.143,2.363
,"Dasynemella","Ceramonematidae","Marine nematodes",,0.473,0.555
,"Dasynemoides","Ceramonematidae","Marine nematodes",,1.02,0.555
,"Dayellus","Phanodermatidae","Marine nematodes",,,105.262
,"Demanema","Desmoscolecidae","Marine nematodes",,,7.782
,"Demonema","Selachinematidae","Marine nematodes",,,5.665
,"Dentatonema","Linhomoeidae","Marine nematodes",,,8.979
,"Denticulella","Chromadoridae","Marine nematodes",,,2.057
"简咽属","Deontolaimus","Camacolaimidae","Marine nematodes",,0.191,3.116
,"Deontostoma","Leptosomatidae","Marine nematodes",,5978.192,1806.723
,"Deraionema","Linhomoeidae","Marine nematodes",,19.399,8.979
,"Desmodora","Desmodoridae","Marine nematodes",,6.738,3.459
,"Desmodorella","Desmodoridae","Marine nematodes",,1.245,3.459
,"Desmolaimoides","Linhomoeidae","Marine nematodes",,2.39,8.979
,"Desmolorenzenia","Desmoscolecidae","Marine nematodes",,,7.782
,"Desmoscolex","Desmoscolecidae","Marine nematodes",,0.351,7.782
,"Desmotersia","Richtersiidae","Marine nematodes",,8.012,4.197
,"Desmotimmia","Desmoscolecidae","Marine nematodes",,,7.782
,"Desmotricoma","Desmoscolecidae","Marine nematodes",,0.293,7.782
,"Dichromadora","Chromadoridae","Marine nematodes",,0.383,2.057
,"Didelia","Diplopeltidae","Marine nematodes",,,1.786
,"Didelta","Linhomoeidae","Marine nematodes",,,8.979
,"Digitonchus","Camacolaimidae","Marine nematodes",,,3.116
,"Dinetia","Draconematidae","Marine nematodes",,0.644,2.922
,"Diodontolaimus","Camacolaimidae","Marine nematodes",,,3.116
,"Diplolaimella","Monhysteridae","Marine nematodes",,0.17,0.691
,"Diplolaimelloides","Monhysteridae","Marine nematodes",,0.336,0.691
,"Diplopeltis","Diplopeltidae","Marine nematodes",,,1.786
,"Diplopeltoides","Diplopeltoididae","Marine nematodes",,0.753,0.753
,"Diplopeltula","Diplopeltidae","Marine nematodes",,2.996,1.786
,"Disconema","Linhomoeidae","Marine nematodes",,0.294,8.979
,"Dispira","Linhomoeidae","Marine nematodes",,,8.979
,"Dispirella","Linhomoeidae","Marine nematodes",,,8.979
,"Ditlevsenella","Enchelidiidae","Marine nematodes",,,39.81
,"Doliolaimus","Sphaerolaimidae","Marine nematodes",,,7.415
,"Donsinema","Enoplidae","Marine nematodes",,,98.018
,"Dorylaimopsis","Comesomatidae","Marine nematodes",,3.499,2.421
,"Dracogalerus","Draconematidae","Marine nematodes",,,2.922
,"Dracognomus","Draconematidae","Marine nematodes",,,2.922
,"Dracograllus","Draconematidae","Marine nematodes",,1.173,2.922
,"Draconactus","Draconematidae","Marine nematodes",,,2.922
,"Draconema","Draconematidae","Marine nematodes",,,2.922
,"Dystomanema","Neotonchidae","Marine nematodes",,2.041,2.328
,"Echinodesmodora","Desmodoridae","Marine nematodes",,,3.459
,"Echinotheristus","Xyalidae","Marine nematodes",,,2.363
,"Eleutherolaimus","Linhomoeidae","Marine nematodes",,3.437,8.979
,"Elzalia","Xyalidae","Marine nematodes",,1.395,2.363
,"Enchelidium","Enchelidiidae","Marine nematodes",,,39.81
,"Enchonema","Xyalidae","Marine nematodes",,,2.363
,"Endeolophos","Chromadoridae","Marine nematodes",,,2.057
,"Enoplus","Enoplidae","Marine nematodes",,98.018,98.018
,"Eubostrichus","Desmodoridae","Marine nematodes",,1.441,3.459
,"Euchromadora","Chromadoridae","Marine nematodes",,,2.057
,"Eulinhomoeus","Linhomoeidae","Marine nematodes",,,8.979
,"Eumorpholaimus","Linhomoeidae","Marine nematodes",,,8.979
,"Eurystomina","Enchelidiidae","Marine nematodes",,226.422,39.81
,"Eusynchonchus","Leptosomatidae","Marine nematodes",,,1806.723
,"Expressonema","Comesomatidae","Marine nematodes",,,2.421
,"Filipjeva","Xyalidae","Marine nematodes",,,2.363
,"Filipjeviella","Linhomoeidae","Marine nematodes",,,8.979
,"Filitonchoides","Neotonchidae","Marine nematodes",,,2.328
,"Filitonchus","Neotonchidae","Marine nematodes",,,2.328
,"Filoncholaimus","Oncholaimidae","Marine nematodes",,,41.317
,"Fimbrilla","Oncholaimidae","Marine nematodes",,,41.317
,"Fotolaimus","Oncholaimidae","Marine nematodes",,8.799,41.317
,"Fusivermis","Fusivermidae","Marine nematodes",,,
,"Gammanema","Selachinematidae","Marine nematodes",,3.219,5.665
,"Gammarinema","Monhysteridae","Marine nematodes",,4.264,0.691
,"Gerlachius","Meyliidae","Marine nematodes",,,
,"Glochinema","Epsilonematidae","Marine nematodes",,4.191,1.242
,"Gnomoxyala","Xyalidae","Marine nematodes",,,2.363
,"Gomphionchus","Neotonchidae","Marine nematodes",,,2.328
,"Gomphionema","Neotonchidae","Marine nematodes",,3.619,2.328
,"Gonionchus","Xyalidae","Marine nematodes",,4.59,2.363
,"Grahamia","Linhomoeidae","Marine nematodes",,,8.979
,"Graphonema","Chromadoridae","Marine nematodes",,,2.057
,"Guitartia","Xyalidae","Marine nematodes",,1.57,2.363
,"Gullanema","Xyalidae","Marine nematodes",,,2.363
,"Halanonchus","Trefusiidae","Marine nematodes",,,0.627
,"Halaphanolaimus","Leptolaimidae","Marine nematodes",,2.224,0.755
,"Halichoanolaimus","Selachinematidae","Marine nematodes",,12.212,5.665
,"Halicylindrolaimus","Linhomoeidae","Marine nematodes",,,8.979
,"Halinema","Linhomoeidae","Marine nematodes",,,8.979
,"Halomonhystera","Monhysteridae","Marine nematodes",,0.316,0.691
,"Halophilanema","Allantonematidae","Marine nematodes",,0.186,46.474
,"Hapalomus","Desmoscolecidae","Marine nematodes",,,7.782
,"Haptotricoma","Desmoscolecidae","Marine nematodes",,,7.782
,"Harpogonchoides","Chromadoridae","Marine nematodes",,,2.057
,"Harpogonchus","Chromadoridae","Marine nematodes",,,2.057
,"Heterocyatholaimus","Linhomoeidae","Marine nematodes",,,8.979
,"Hieminema","Monhysteridae","Marine nematodes",,,0.691
,"Hopperia","Comesomatidae","Marine nematodes",,4.561,2.421
"下齿属","Hypodontolaimus","Hypodontolaimidae","Marine nematodes",,2.203,1.189
,"Hyptiolaimus","Enoplidae","Marine nematodes",,,98.018
,"Innocuonema","Chromadoridae","Marine nematodes",,,2.057
,"Intasia","Diplopeltidae","Marine nematodes",,,1.786
,"Ionema","Camacolaimidae","Marine nematodes",,,3.116
,"Isacanthonchus","Cyatholaimidae","Marine nematodes",,,15.722
,"Ixonema","Microlaimidae","Marine nematodes",,,0.566
,"Karkinochromadora","Chromadoridae","Marine nematodes",,,2.057
,"Kenyanema","Comesomatidae","Marine nematodes",,0.296,2.421
,"Keratonema","Epsilonematidae","Marine nematodes",,,1.242
,"Klugea","Phanodermatidae","Marine nematodes",,,105.262
,"Kosswigonema","Selachinematidae","Marine nematodes",,,5.665
,"Krampia","Oncholaimidae","Marine nematodes",,,41.317
,"Kraspedonema","Cyatholaimidae","Marine nematodes",,,15.722
,"Kreisoncholaimus","Oncholaimidae","Marine nematodes",,,41.317
,"Laimella","Comesomatidae","Marine nematodes",,1.659,2.421
,"Lamyronema","Xyalidae","Marine nematodes",,,2.363
,"Latronema","Selachinematidae","Marine nematodes",,,5.665
,"Lauratonema","Lauratonematidae","Marine nematodes",,0.929,0.929
,"Lauratonemoides","Lauratonematidae","Marine nematodes",,,0.929
,"Lavareda","Rhadinematidae","Marine nematodes",,,1.548
,"Laxus","Desmodoridae","Marine nematodes",,3.962,3.459
,"Ledovitia","Enchelidiidae","Marine nematodes",,,39.81
,"Leptepsilonema","Epsilonematidae","Marine nematodes",,0.103,1.242
,"Leptolaimoides","Leptolaimidae","Marine nematodes",,,0.755
,"Leptonemella","Desmodoridae","Marine nematodes",,3.968,3.459
,"Leptoplectonema","Leptolaimidae","Marine nematodes",,,0.755
,"Leptosomatides","Leptosomatidae","Marine nematodes",,4975.668,1806.723
,"Leptosomatum","Leptosomatidae","Marine nematodes",,195.27,1806.723
,"Leptosomella","Leptosomatidae","Marine nematodes",,7.021,1806.723
,"Lineolia","Enoplidae","Marine nematodes",,,98.018
,"Linhomoella","Linhomoeidae","Marine nematodes",,,8.979
,"Linhomoeus","Linhomoeidae","Marine nematodes",,33.391,8.979
,"Linhystera","Xyalidae","Marine nematodes",,0.247,2.363
,"Listia","Camacolaimidae","Marine nematodes",,,3.116
,"Longicyatholaimus","Cyatholaimidae","Marine nematodes",,6.326,15.722
,"Loveninema","Camacolaimidae","Marine nematodes",,,3.116
,"Lyranema","Enchelidiidae","Marine nematodes",,10.358,39.81
,"Macrodontium","Microlaimidae","Marine nematodes",,1.9,0.566
,"Macronchus","Leptosomatidae","Marine nematodes",,,1806.723
,"Manganonema","Xyalidae","Marine nematodes",,0.124,2.363
,"Margonema","Axonolaimidae","Marine nematodes",,,4.887
,"Marisalbinema","Xyalidae","Marine nematodes",,,2.363
,"Marylynnia","Cyatholaimidae","Marine nematodes",,6.881,15.722
,"Megadesmolaimus","Linhomoeidae","Marine nematodes",,,8.979
,"Megadraconema","Draconematidae","Marine nematodes",,9.07,2.922
,"Megaeurystomina","Enchelidiidae","Marine nematodes",,,39.81
,"Megodontolaimus","Chromadoridae","Marine nematodes",,,2.057
,"Mehdilaimus","Axonolaimidae","Marine nematodes",,,4.887
,"Mesotheristus","Xyalidae","Marine nematodes",,10.218,2.363
,"Metachromadora","Desmodoridae","Marine nematodes",,2.875,3.459
,"Metachromadoroides","Desmodoridae","Marine nematodes",,1.709,3.459
,"Metacomesoma","Comesomatidae","Marine nematodes",,,2.421
,"Metacyatholaimus","Cyatholaimidae","Marine nematodes",,1.106,15.722
,"Metacylicolaimus","Leptosomatidae","Marine nematodes",,,1806.723
,"Metadasynemella","Ceramonematidae","Marine nematodes",,,0.555
,"Metadasynemoides","Ceramonematidae","Marine nematodes",,0.394,0.555
,"Metadesmodora","Desmodoridae","Marine nematodes",,,3.459
,"Metadesmolaimus","Xyalidae","Marine nematodes",,0.7,2.363
,"Metaglochinema","Epsilonematidae","Marine nematodes",,,1.242
,"Metalaimus","Linhomoeidae","Marine nematodes",,,8.979
,"Metalinhomoeus","Linhomoeidae","Marine nematodes",,2.339,8.979
,"Metaparoncholaimus","Oncholaimidae","Marine nematodes",,25.778,41.317
,"Metaphanoderma","Phanodermatidae","Marine nematodes",,87.415,105.262
,"Metasabatieria","Comesomatidae","Marine nematodes",,,2.421
,"Metasphaerolaimus","Sphaerolaimidae","Marine nematodes",,2.646,7.415
,"Metepsilonema","Epsilonematidae","Marine nematodes",4,,1.242
,"Metoncholaimoides","Oncholaimidae","Marine nematodes",,12.153,41.317
,"Metoncholaimus","Oncholaimidae","Marine nematodes",,25.776,41.317
,"Metonyx","Desmodoridae","Marine nematodes",,,3.459
,"Meylia","Meyliidae","Marine nematodes",,,
,"Micoletzkyia","Phanodermatidae","Marine nematodes",,61.785,105.262
,"Micracanthonchus","Linhomoeidae","Marine nematodes",,,8.979
,"Minolaimus","Comesomatidae","Marine nematodes",,0.542,2.421
,"Molgolaimus","Desmodoridae","Marine nematodes",,,3.459
,"Mongolotheristus","Xyalidae","Marine nematodes",,,2.363
,"Monhysteroides","Linhomoeidae","Marine nematodes",,,8.979
,"Monhystris","Xyalidae","Marine nematodes",,,2.363
,"Monhystrium","Monhysteridae","Marine nematodes",,0.896,0.691
,"Monoposthia","Monoposthiidae","Marine nematodes",,3.706,3.706
,"Monoposthioides","Monoposthiidae","Marine nematodes",,,3.706
,"Morlaxia","Diplopeltidae","Marine nematodes",,,1.786
,"Mudwigglus","Diplopeltidae","Marine nematodes",,,1.786
,"Namibinema","Axonolaimidae","Marine nematodes",,,4.887
,"Nannolaimoides","Cyatholaimidae","Marine nematodes",,1.609,15.722
,"Nannolaimus","Neotonchidae","Marine nematodes",,,2.328
,"Neocamacolaimus","Camacolaimidae","Marine nematodes",,,3.116
,"Neodiplopeltula","Diplopeltidae","Marine nematodes",,2.508,1.786
,"Neonyx","Desmodoridae","Marine nematodes",,,3.459
,"Neotonchoides","Neotonchidae","Marine nematodes",,,2.328
,"Neotonchus","Neotonchidae","Marine nematodes",,0.32,2.328
,"Neurella","Camacolaimidae","Marine nematodes",,,3.116
,"Nicascolaimus","Axonolaimidae","Marine nematodes",,,4.887
,"Nijhoffia","Linhomoeidae","Marine nematodes",,,8.979
,"Noffsingeria","Meyliidae","Marine nematodes",,,
,"Notochaetosoma","Draconematidae","Marine nematodes",,,2.922
,"Nudora","Monoposthiidae","Marine nematodes",,,3.706
,"Octonchus","Oncholaimidae","Marine nematodes",,,41.317
,"Odontanticoma","Anticomidae","Marine nematodes",,15.513,21.973
,"Odontobius","Monhysteridae","Marine nematodes",,4.808,0.691
,"Odontophora","Axonolaimidae","Marine nematodes",,7.337,4.887
,"Odontophoroides","Axonolaimidae","Marine nematodes",,,4.887
,"Omicronema","Xyalidae","Marine nematodes",,,2.363
,"Onchiolistia","Camacolaimidae","Marine nematodes",,,3.116
,"Onchium","Camacolaimidae","Marine nematodes",,,3.116
,"Oncholaimelloides","Oncholaimidae","Marine nematodes",,,41.317
,"Oncholaimellus","Oncholaimidae","Marine nematodes",,5.455,41.317
,"Oncholaimium","Oncholaimidae","Marine nematodes",,,41.317
,"Oncholaimoides","Oncholaimidae","Marine nematodes",,,41.317
,"Oncholaimus","Oncholaimidae","Marine nematodes",,32.871,41.317
,"Onyx","Desmodoridae","Marine nematodes",,,3.459
,"Orthophallonema","Leptosomatidae","Marine nematodes",,44.755,1806.723
,"Pandolaimus","Pandolaimidae","Marine nematodes",,,
,"Panduripharynx","Chromadoridae","Marine nematodes",,7.021,2.057
,"Papillonema","Desmodoridae","Marine nematodes",,1.46,3.459
,"Parabathylaimus","Tripyloididae","Marine nematodes",,20.239,20.239
,"Parabostrichus","Desmodoridae","Marine nematodes",,,3.459
,"Paracanthonchus","Cyatholaimidae","Marine nematodes",,66.993,15.722
,"Parachromadora","Chromadoridae","Marine nematodes",,,2.057
,"Parachromadorita","Chromadoridae","Marine nematodes",,,2.057
,"Paracomesoma","Comesomatidae","Marine nematodes",,6.812,2.421
,"Paracyatholaimoides","Cyatholaimidae","Marine nematodes",,,15.722
"拟杯咽属","Paracyatholaimus","Cyatholaimidae","Marine nematodes",,2.163,15.722
,"Paracylicolaimus","Leptosomatidae","Marine nematodes",,,1806.723
,"Paradesmodora","Desmodoridae","Marine nematodes",,,3.459
,"Paradraconema","Draconematidae","Marine nematodes",,,2.922
,"Paraegialoalaimus","Linhomoeidae","Marine nematodes",,,8.979
,"Paraeuchromadora","Chromadoridae","Marine nematodes",,,2.057
,"Paraeudesmoscolex","Desmoscolecidae","Marine nematodes",,,7.782
,"Paragnomoxyala","Xyalidae","Marine nematodes",,0.764,2.363
,"Paragonionchus","Xyalidae","Marine nematodes",,,2.363
,"Paralellocoilas","Desmodoridae","Marine nematodes",,,3.459
,"Paraleptosomatides","Leptosomatidae","Marine nematodes",,,1806.723
,"Paralinhomoeus","Linhomoeidae","Marine nematodes",,,8.979
,"Paralongicyatholaimus","Cyatholaimidae","Marine nematodes",3,,15.722
,"Paramarylynnia","Cyatholaimidae","Marine nematodes",,,15.722
,"Paramesonchium","Comesomatidae","Marine nematodes",,,2.421
,"Paramicrolaimus","Paramicrolaimidae","Marine nematodes",,4.02,4.02
,"Paramonohystera","Xyalidae","Marine nematodes",,3.054,2.363
,"Paramphimonhystrella","Xyalidae","Marine nematodes",,0.829,2.363
,"Paranticoma","Anticomidae","Marine nematodes",,,21.973
,"Paraodontophora","Axonolaimidae","Marine nematodes",,,4.887
,"Paraphanoderma","Phanodermatidae","Marine nematodes",,,105.262
,"Paraphanodermopsis","Phanodermatidae","Marine nematodes",,,105.262
,"Parapinnanema","Chromadoridae","Marine nematodes",,9.34,2.057
,"Paraplectonema","Leptolaimidae","Marine nematodes",,0.616,0.755
,"Parapomponema","Cyatholaimidae","Marine nematodes",,,15.722
,"Pararaeolaimus","Diplopeltidae","Marine nematodes",,0.268,1.786
,"Parascolaimus","Axonolaimidae","Marine nematodes",,,4.887
,"Parasphaerolaimus","Sphaerolaimidae","Marine nematodes",,16.278,7.415
,"Parastomonema","Siphonolaimidae","Marine nematodes",,,14.954
,"Paraterschellingia","Siphonolaimidae","Marine nematodes",,,14.954
,"Paratricoma","Desmoscolecidae","Marine nematodes",,,7.782
,"Paratuerkiana","Leptosomatidae","Marine nematodes",,,1806.723
,"Parelzalia","Xyalidae","Marine nematodes",,,2.363
,"Pareudesmoscolex","Desmoscolecidae","Marine nematodes",,113.906,7.782
,"Pareurystomina","Enchelidiidae","Marine nematodes",,6.779,39.81
,"Parironus","Ironidae","Marine nematodes",,27.57,4.899
,"Paroctonchus","Oncholaimidae","Marine nematodes",,8.061,41.317
,"Parodontophora","Axonolaimidae","Marine nematodes",,,4.887
,"Pelagonema","Oncholaimidae","Marine nematodes",,,41.317
,"Penzancia","Xyalidae","Marine nematodes",,0.455,2.363
,"Perepsilonema","Epsilonematidae","Marine nematodes",,0.254,1.242
,"Perilinhomoeus","Linhomoeidae","Marine nematodes",,,8.979
,"Perspira","Desmodoridae","Marine nematodes",,,3.459
,"Phaenoncholaimus","Oncholaimidae","Marine nematodes",,,41.317
,"Phanoderma","Phanodermatidae","Marine nematodes",,41.823,105.262
,"Phanodermella","Phanodermatidae","Marine nematodes",,,105.262
,"Phanodermopsis","Phanodermatidae","Marine nematodes",,88.268,105.262
,"Phyllolaimus","Cyatholaimidae","Marine nematodes",,,15.722
,"Phylloncholaimus","Oncholaimidae","Marine nematodes",,161.603,41.317
,"Pierrickia","Comesomatidae","Marine nematodes",,,2.421
,"Pilosinema","Leptosomatidae","Marine nematodes",,,1806.723
,"Platonova","Leptosomatidae","Marine nematodes",,1339.254,1806.723
,"Platycoma","Leptosomatidae","Marine nematodes",,,1806.723
,"Platycomopsis","Leptosomatidae","Marine nematodes",,248.836,1806.723
,"Polkepsilonema","Epsilonematidae","Marine nematodes",,1.156,1.242
,"Polygastrophora","Enchelidiidae","Marine nematodes",,,39.81
,"Polysigma","Desmodoridae","Marine nematodes",,,3.459
,"Pomponema","Cyatholaimidae","Marine nematodes",,2.19,15.722
,"Pontonema","Oncholaimidae","Marine nematodes",,530.397,41.317
,"Porocoma","Xenellidae","Marine nematodes",,,
,"Praeacanthonchus","Cyatholaimidae","Marine nematodes",,,15.722
,"Procamacolaimus","Camacolaimidae","Marine nematodes",,,3.116
,"Prochaetosoma","Draconematidae","Marine nematodes",,0.744,2.922
"原色矛属","Prochromadora","Chromadoridae","Marine nematodes",3,0.669,2.057
,"Prochromadorella","Chromadoridae","Marine nematodes",,1.641,2.057
,"Prodesmodora","Desmodoridae","Marine nematodes",,0.18,3.459
,"Progreeffiella","Greeffiellidae","Marine nematodes",,,
,"Prolinhomoeus","Linhomoeidae","Marine nematodes",,,8.979
,"Promonhystera","Xyalidae","Marine nematodes",,,2.363
,"Prooncholaimus","Oncholaimidae","Marine nematodes",,,41.317
,"Proplatycoma","Leptosomatidae","Marine nematodes",,130.408,1806.723
,"Propomponema","Cyatholaimidae","Marine nematodes",,,15.722
,"Prorhynchonema","Xyalidae","Marine nematodes",,,2.363
,"Prosphaerolaimus","Linhomoeidae","Marine nematodes",,,8.979
,"Protochromadora","Chromadoridae","Marine nematodes",,,2.057
,"Protodesmoscolex","Desmoscolecidae","Marine nematodes",,,7.782
,"Prototricoma","Desmoscolecidae","Marine nematodes",,,7.782
,"Protricoma","Desmoscolecidae","Marine nematodes",,,7.782
,"Protricomoides","Desmoscolecidae","Marine nematodes",,,7.782
,"Psammonema","Desmodoridae","Marine nematodes",,,3.459
,"Pselionema","Ceramonematidae","Marine nematodes",,0.322,0.555
,"Pseudaraeolaimus","Diplopeltidae","Marine nematodes",,,1.786
,"Pseudechinotheristus","Xyalidae","Marine nematodes",,,2.363
,"Pseudelzalia","Xyalidae","Marine nematodes",,0.11,2.363
,"Pseudocella","Leptosomatidae","Marine nematodes",,333.995,1806.723
,"Pseudocheironchus","Selachinematidae","Marine nematodes",,1.147,5.665
,"Pseudochromadora","Desmodoridae","Marine nematodes",,,3.459
,"Pseudodesmodora","Desmodoridae","Marine nematodes",,,3.459
,"Pseudodesmoscolex","Desmoscolecidae","Marine nematodes",,,7.782
,"Pseudolella","Axonolaimidae","Marine nematodes",,,4.887
,"Pseudometachromadora","Desmodoridae","Marine nematodes",,,3.459
,"Pseudonchus","Desmodoridae","Marine nematodes",,,3.459
,"Pseudoplatycoma","Leptosomatidae","Marine nematodes",,,1806.723
,"Pseudosteineria","Xyalidae","Marine nematodes",,3.981,2.363
,"Pseudoterschellingia","Linhomoeidae","Marine nematodes",,0.819,8.979
,"Pseudotriceratonema","Leptosomatidae","Marine nematodes",,,1806.723
,"Pternepsilonema","Epsilonematidae","Marine nematodes",,0.867,1.242
,"Pterygonema","Ceramonematidae","Marine nematodes",,0.281,0.555
,"Ptycholaimellus","Chromadoridae","Marine nematodes",,0.505,2.057
"刻点属","Punctodora","Chromadoridae","Marine nematodes",3,0.66,2.057
,"Quadricoma","Desmoscolecidae","Marine nematodes",,,7.782
,"Quadricomoides","Desmoscolecidae","Marine nematodes",,,7.782
,"Retrotheristus","Xyalidae","Marine nematodes",,,2.363
,"Rhabdodemania","Rhabdodemaniidae","Marine nematodes",,36.062,36.062
,"Rhadinema","Rhadinematidae","Marine nematodes",,1.401,1.548
,"Rhips","Chromadoridae","Marine nematodes",,,2.057
,"Rhynchonema","Xyalidae","Marine nematodes",,0.111,2.363
,"Richtersia","Richtersiidae","Marine nematodes",,0.382,4.197
,"Ritenbenkia","Leptosomatidae","Marine nematodes",,,1806.723
,"Robbea","Desmodoridae","Marine nematodes",,5.041,3.459
,"Robustnema","Xyalidae","Marine nematodes",,,2.363
,"Ruamowhitia","Enoplidae","Marine nematodes",,,98.018
,"Sabatieria","Comesomatidae","Marine nematodes",,2.202,2.421
,"Sadkonavis","Leptosomatidae","Marine nematodes",,,1806.723
,"Sarsonia","Linhomoeidae","Marine nematodes",,0.356,8.979
,"Scaptrella","Xyalidae","Marine nematodes",,1.786,2.363
,"Scolpaniella","Comesomatidae","Marine nematodes",,,2.421
,"Setoplectus","Haliplectidae","Marine nematodes",,0.265,0.719
,"Setosabatieria","Comesomatidae","Marine nematodes",,1.231,2.421
,"Setostephanolaimus","Camacolaimidae","Marine nematodes",,,3.116
,"Sibayinema","Desmodoridae","Marine nematodes",,,3.459
,"Sigmaphoronema","Desmodoridae","Marine nematodes",,,3.459
,"Simpliconema","Simpliconematidae","Marine nematodes",,,
"涎线属","Sinanema","Monhysteridae","Marine nematodes",,,0.691
,"Siphonolaimus","Siphonolaimidae","Marine nematodes",,16.696,14.954
,"Sitadevinema","Monhysteridae","Marine nematodes",,,0.691
,"Smithsoninema","Camacolaimidae","Marine nematodes",,4.643,3.116
,"Solenolaimus","Siphonolaimidae","Marine nematodes",,,14.954
,"Southernia","Aegialoalaimidae","Marine nematodes",,,9.852
,"Southerniella","Diplopeltidae","Marine nematodes",,2.478,1.786
,"Sphaerocephalum","Linhomoeidae","Marine nematodes",,,8.979
,"Sphaerotheristus","Xyalidae","Marine nematodes",,,2.363
,"Spiliphera","Chromadoridae","Marine nematodes",,,2.057
,"Spilophorella","Chromadoridae","Marine nematodes",,,2.057
,"Spinodesmoscolex","Desmoscolecidae","Marine nematodes",,,7.782
,"Spiramphinema","Xyalidae","Marine nematodes",,,2.363
,"Spirina","Linhomoeidae","Marine nematodes",,,8.979
,"Spirinia","Desmodoridae","Marine nematodes",,7.852,3.459
,"Spirobolbolaimus","Microlaimidae","Marine nematodes",,,0.566
,"Spirodesma","Desmodoridae","Marine nematodes",,0.624,3.459
,"Squanema","Desmodoridae","Marine nematodes",,,3.459
,"Steineria","Xyalidae","Marine nematodes",,1.055,2.363
,"Steineridora","Chromadoridae","Marine nematodes",,,2.057
,"Stephanolaimus","Camacolaimidae","Marine nematodes",,4.611,3.116
,"Stilbonema","Desmodoridae","Marine nematodes",,2.967,3.459
,"Storobogotovia","Enoplidae","Marine nematodes",,,98.018
,"Stygodesmodora","Desmodoridae","Marine nematodes",,,3.459
,"Stylotheristus","Xyalidae","Marine nematodes",,2.059,2.363
,"Subsphaerolaimus","Sphaerolaimidae","Marine nematodes",,7.351,7.415
,"Symplocostoma","Enchelidiidae","Marine nematodes",,,39.81
,"Symplocostomella","Enchelidiidae","Marine nematodes",,,39.81
,"Synodontium","Axonolaimidae","Marine nematodes",,,4.887
,"Synodontoides","Axonolaimidae","Marine nematodes",,,4.887
,"Synonchiella","Selachinematidae","Marine nematodes",,1.311,5.665
,"Synonchium","Selachinematidae","Marine nematodes",,,5.665
,"Synonchoides","Leptosomatidae","Marine nematodes",,,1806.723
,"Synonchus","Leptosomatidae","Marine nematodes",,691.406,1806.723
,"Synonema","Aponchiidae","Marine nematodes",,,
,"Syringonomus","Leptosomatidae","Marine nematodes",,,1806.723
,"Tapia","Leptosomatidae","Marine nematodes",,,1806.723
,"Tarvaia","Tarviidae","Marine nematodes",,,
,"Tenuidraconema","Draconematidae","Marine nematodes",,1.191,2.922
,"Terschellingia","Linhomoeidae","Marine nematodes",,2.705,8.979
,"Terschellingioides","Linhomoeidae","Marine nematodes",,,8.979
,"Thalassomonhystera","Monhysteridae","Marine nematodes",,0.16,0.691
,"Thelonema","Linhomoeidae","Marine nematodes",,8.339,8.979
,"Theristus","Xyalidae","Marine nematodes",,1.273,2.363
,"Thoonchus","Enchelidiidae","Marine nematodes",,,39.81
,"Thoracostoma","Leptosomatidae","Marine nematodes",,,1806.723
,"Timmia","Chromadoridae","Marine nematodes",,0.544,2.057
,"Trefusia","Trefusiidae","Marine nematodes",,0.627,0.627
,"Trefusialaimus","Trefusiidae","Marine nematodes",,,0.627
,"Triaulolaimus","Leptosomatidae","Marine nematodes",,,1806.723
,"Triceratonema","Leptosomatidae","Marine nematodes",,,1806.723
,"Trichenoplus","Enoplidae","Marine nematodes",,,98.018
,"Trichethmolaimus","Ethmolaimidae","Marine nematodes",,,0.591
,"Trichotheristus","Xyalidae","Marine nematodes",,,2.363
,"Tricoma","Desmoscolecidae","Marine nematodes",,0.415,7.782
,"Triepsilonema","Epsilonematidae","Marine nematodes",,,1.242
,"Trileptium","Thoracostomopsidae","Marine nematodes",,9.285,69.711
,"Triodontolaimus","Triodontolaimidae","Marine nematodes",,,
,"Tripyloides","Tripyloididae","Marine nematodes",,,20.239
,"Trochamus","Chromadoridae","Marine nematodes",,0.756,2.057
,"Trophomera","Benthimermithidae","Marine nematodes",,6304.123,6304.123
,"Tubolaimella","Leptosomatidae","Marine nematodes",,,1806.723
,"Tubolaimoides","Tubolaimoididae","Marine nematodes",,,
,"Tubolaimus","Monhysteridae","Marine nematodes",,,0.691
,"Tuerkiana","Leptosomatidae","Marine nematodes",,,1806.723
,"Urangabadensis","Axonolaimidae","Marine nematodes",,,4.887
,"Usarpnema","Desmoscolecidae","Marine nematodes",,,7.782
,"Valvaelaimus","Xyalidae","Marine nematodes",,,2.363
,"Vasostoma","Comesomatidae","Marine nematodes",,,2.421
,"Viscosia","Oncholaimidae","Marine nematodes",,0,41.317
,"Wiesoncholaimus","Oncholaimidae","Marine nematodes",,0,41.317
,"Xennella","Xennellidae","Marine nematodes",,,
,"Xenocyatholaimus","Cyatholaimidae","Marine nematodes",,,15.722
,"Xenolaimus","Xyalidae","Marine nematodes",,,2.363
,"Xyala","Xyalidae","Marine nematodes",,0,2.363
,"Xyzzors","Cyatholaimidae","Marine nematodes",,,15.722
,"Ypsilon","Camacolaimidae","Marine nematodes",,,3.116
,"Zalonema","Desmodoridae","Marine nematodes",,0,3.459
,"Zygonemella","Xyalidae","Marine nematodes",,,2.363
,"Ironella","Ironidae","Freshwater/Marine nematodes",,0.689,4.899
"伊龙属","Ironus","Ironidae","Freshwater/Marine nematodes",4,3.813,4.899
,"Andrassya","Andrassyidae","Marine nematodes",,,
,"Malakhovia","Andrassyidae","Marine nematodes",,,
,"Aborjinia","Marimermithidae","Marine parasites",,,
,"Acronema","Marimermithidae","Marine parasites",,,
,"Ananus","Marimermithidae","Marine parasites",,,
,"Australonema","Marimermithidae","Marine parasites",,,
,"Marimermis","Marimermithidae","Marine parasites",5,,
,"Thalassonema","Marimermithidae","Marine parasites",,,
,"Africanthion","Thoracostomopsidae","Marine predators",,,69.711
,"Cryptenoplus","Thoracostomopsidae","Marine predators",,,69.711
"嘴刺属","Enoploides","Thoracostomopsidae","Marine predators",,212.889,69.711
,"Enoplolaimus","Thoracostomopsidae","Marine predators",4,3.986,69.711
,"Epacanthion","Thoracostomopsidae","Marine predators",,1.248,69.711
,"Fenestrolaimus","Thoracostomopsidae","Marine predators",,,69.711
,"Filipjevia","Thoracostomopsidae","Marine predators",,,69.711
,"Fleuronema","Thoracostomopsidae","Marine predators",,,69.711
,"Mesacanthion","Thoracostomopsidae","Marine predators",,28.14,69.711
,"Mesacanthoides","Thoracostomopsidae","Marine predators",,,69.711
,"Metenoploides","Thoracostomopsidae","Marine predators",,,69.711
,"Okranema","Thoracostomopsidae","Marine predators",,,69.711
,"Oxyonchus","Thoracostomopsidae","Marine predators",,,69.711
,"Paramesacanthion","Thoracostomopsidae","Marine predators",,183.311,69.711
,"Parasaveljevia","Thoracostomopsidae","Marine predators",,,69.711
,"Parenoplus","Thoracostomopsidae","Marine predators",,,69.711
,"Saveljevia","Thoracostomopsidae","Marine predators",,,69.711
,"Sphaerolaimus","Sphaerolaimidae","Marine predators",3,6.697,7.415
,"Thoracostomopsis","Thoracostomopsidae","Marine predators",,,69.711
,"Halalaimus","Oxystominidae","Freshwater/Marine nematodes",,0.878,0.724
,"Litinium","Oxystominidae","Freshwater/Marine nematodes",,0.589,0.724
,"Maldivea","Oxystominidae","Freshwater/Marine nematodes",,,0.724
,"Nemanema","Oxystominidae","Freshwater/Marine nematodes",,,0.724
,"Oxystomina","Oxystominidae","Freshwater/Marine nematodes",,0.472,0.724
,"Thalassolaimus","Oxystominidae","Freshwater/Marine nematodes",,,0.724
,"Wieseria","Oxystominidae","Freshwater/Marine nematodes",,,0.724
,"Dolicholaimus","Ironidae","Freshwater/Marine nematodes",,,4.899
,"Syringolaimus","Ironidae","Freshwater/Marine nematodes",,,4.899
,"Thalassironus","Ironidae","Freshwater/Marine nematodes",,,4.899
,"Trissonchulus","Ironidae","Freshwater/Marine nematodes",,,4.899
,"Haliplectus","Haliplectidae","Marine/Terrestrial nematodes",,0.743,0.719
,"Edalonema","Diplopeltidae","Microbial feeders",,,1.786
,"Trichromadora","Chromadoridae","Marine nematodes",,0.383,2.057
,"Namaquanema","Dorylaimidae","Omnivores",4,9.569,10.305
,"Actinca","Actinolaimidae","Omnivores",5,9.586,7.303
,"Actinolaimoides","Nordiidae","Omnivores",4,0.275,2.868
"角咽属","Actinolaimus","Actinolaimidae","Omnivores",5,13.038,7.303
,"Acunemella","Nordiidae","Omnivores",4,,2.868
,"Adenolaimus","Aulolaimoididae","Omnivores",4,0.397,0.481
,"Afractinca","Actinolaimidae","Omnivores",5,2.354,7.303
,"Afractinolaimus","Actinolaimidae","Omnivores",5,32.302,7.303
,"Afrodorylaimus","Dorylaimidae","Omnivores",4,,10.305
,"Akrotonus","Aporcelaimidae","Omnivores",5,,23.538
"类矛线属","Amphidorylaimus","Dorylaimidae","Omnivores",4,0.261,10.305
,"Anadorella","Thornenematidae","Omnivores",5,,1.167
,"Apodorylaimus","Dorylaimidae","Omnivores",4,,10.305
,"Aporcedorus","Aporcelaimidae","Omnivores",5,,23.538
"无孔小咽属","Aporcelaimellus","Aporcelaimidae","Omnivores",5,9.048,23.538
,"Aporcelaimium","Aporcelaimidae","Omnivores",5,9.54,23.538
,"Aporcelaimoides","Aporcelaimidae","Omnivores",5,21.924,23.538
"孔咽属","Aporcelaimus","Aporcelaimidae","Omnivores",5,78.008,23.538
,"Aporcelinus","Aporcelaimidae","Omnivores",5,4.265,23.538
,"Aporcella","Aporcelaimidae","Omnivores",5,6.546,23.538
"类管咽属","Aulolaimoides","Aulolaimoididae","Omnivores",3,0.779,0.481
,"Baladorylaimus","Dorylaimidae","Omnivores",4,1.072,10.305
,"Bernardius","Enchelidiidae","Omnivores",4,2.445,39.81
,"Brasilaimus","Actinolaimidae","Omnivores",4,3.98,7.303
,"Brittonema","Actinolaimidae","Omnivores",4,,7.303
,"Calcaridorylaimus","Dorylaimidae","Omnivores",4,1.775,10.305
,"Californidorus","Nordiidae","Omnivores",4,3.501,2.868
,"Calodorylaimus","Dorylaimidae","Omnivores",4,,10.305
,"Calolaimus","Mydonomidae","Omnivores",4,11.335,2.356
"独壁齿属","Campydora","Campydoridae","Omnivores",4,0.279,0.275
,"Campydoroides","Campydoridae","Omnivores",4,0.268,0.275
,"Cerviconema","Paraxonchiidae","Omnivores",4,2.326,4.909
,"Chrysodorus","Dorylaimidae","Omnivores",4,7.707,10.305
"金线属","Chrysonema","Crateronematidae","Omnivores",4,1.44,0.793
,"Chrysonemoides","Crateronematidae","Omnivores",5,0.983,0.793
,"Coomansinema","Thornenematidae","Omnivores",5,3.255,1.167
,"Coomansinemoides","Thornenematidae","Omnivores",5,0.61,1.167
,"Crassogula","Dorylaimidae","Omnivores",4,,10.305
,"Crassolabium","Dorylaimidae","Omnivores",4,1.826,10.305
,"Crateronema","Crateronematidae","Omnivores",4,0.33,0.793
,"Crocodorylaimus","Dorylaimidae","Omnivores",4,2.217,10.305
,"Cutidiplogaster","Diplogastridae","Omnivores",1,3.027,2.388
"矛线属","Dorylaimus","Dorylaimidae","Omnivores",4,42.765,10.305
,"Drepanodorus","Paraxonchiidae","Omnivores",4,,4.909
,"Drepanodorylaimus","Dorylaimidae","Omnivores",4,1.876,10.305
,"Durinemella","Swangeriidae","Omnivores",,,3.504
,"Ecanema","Nordiidae","Omnivores",4,0.935,2.868
,"Egtitus","Actinolaimidae","Omnivores",4,4.713,7.303
,"Enchodeloides","Nordiidae","Omnivores",4,2.107,2.868
"大矛属","Enchodelus","Nordiidae","Omnivores",4,3.596,2.868
,"Enchodorus","Nordiidae","Omnivores",4,,2.868
,"Epacrolaimus","Aporcelaimidae","Omnivores",5,122.068,23.538
,"Falcihasta","Swangeriidae","Omnivores",,,3.504
,"Fuchseila","Dorylaimidae","Omnivores",4,,10.305
,"Gopalus","Paraxonchiidae","Omnivores",4,,4.909
,"Halodorylaimus","Dorylaimidae","Omnivores",4,,10.305
,"Heterodorus","Nordiidae","Omnivores",4,3.453,2.868
,"Hulqus","Swangeriidae","Omnivores",,,3.504
,"Idiodorylaimus","Dorylaimidae","Omnivores",4,,10.305
,"Inbionema","Nordiidae","Omnivores",4,,2.868
,"Indodorylaimus","Thornenematidae","Omnivores",5,,1.167
,"Ischiodorylaimus","Dorylaimidae","Omnivores",4,41.02,10.305
,"Karadorylaimus","Dorylaimidae","Omnivores",4,4.458,10.305
,"Kittydorylaimus","Dorylaimidae","Omnivores",4,9.14,10.305
,"Kochinema","Nordiidae","Omnivores",4,0.863,2.868
,"Kunjudorylaimus","Dorylaimidae","Omnivores",4,,10.305
"拱唇属","Labronema","Dorylaimidae","Omnivores",4,8.974,10.305
,"Labronemella","Dorylaimidae","Omnivores",4,5.862,10.305
,"Lagenonema","Thornenematidae","Omnivores",5,0.175,1.167
"咽针属","Laimydorus","Dorylaimidae","Omnivores",4,5.901,10.305
,"Lanzavecchia","Nordiidae","Omnivores",4,75.688,2.868
,"Lauraphragus","Thornenematidae","Omnivores",5,,1.167
,"Lenonchium","Nordiidae","Omnivores",4,,2.868
,"Loofilaimus","Thorniidae","Omnivores",4,,1.076
,"Lordellonema","Crateronematidae","Omnivores",4,0.736,0.793
,"Mactinolaimus","Actinolaimidae","Omnivores",5,,7.303
,"Makatinus","Aporcelaimidae","Omnivores",5,18.706,23.538
,"Malekus","Nordiidae","Omnivores",4,,2.868
"中矛线属","Mesodorylaimus","Dorylaimidae","Omnivores",5,1.296,10.305
,"Metactinolaimus","Actinolaimidae","Omnivores",4,4.32,7.303
,"Metaporcelaimus","Aporcelaimidae","Omnivores",5,7.674,23.538
,"Miodorylaimus","Dorylaimidae","Omnivores",4,0.52,10.305
,"Miranema","Mydonomidae","Omnivores",4,14.816,2.356
,"Mitoaxonchium","Swangeriidae","Omnivores",,0.313,3.504
,"Morasia","Mydonomidae","Omnivores",4,,2.356
,"Moshajia","Crateronematidae","Omnivores",4,0.934,0.793
,"Mydonomus","Mydonomidae","Omnivores",4,,2.356
,"Neoactinolaimus","Actinolaimidae","Omnivores",4,6.918,7.303
,"Neolordellonema","Crateronematidae","Omnivores",4,,0.793
,"Nevadanema","Dorylaimidae","Omnivores",4,14.435,10.305
,"Nothactinolaimus","Actinolaimidae","Omnivores",4,,7.303
,"Nygolaimium","Aporcelaimidae","Omnivores",5,,23.538
,"Oonaguntus","Crateronematdae","Omnivores",4,0.4,0.793
,"Oostenbrinkia","Aulolaimoididae","Omnivores",4,0.204,0.481
,"Opisthodorylaimus","Thornenematidae","Omnivores",5,1.56,1.167
,"Oriverutoides","Nordiidae","Omnivores",4,0.617,2.868
,"Oriverutus","Nordiidae","Omnivores",4,0.897,2.868
,"Papuadorus","Nordiidae","Omnivores",4,8.304,2.868
,"Paradorylaimus","Dorylaimidae","Omnivores",4,5.567,10.305
,"Parapalus","Paraxonchiidae","Omnivores",4,,4.909
,"Paraqudsiella","Swangeriidae","Omnivores",,,3.504
,"Pararhyssocolpus","Nordiidae","Omnivores",4,0.556,2.868
,"Parastomachoglossa","Actinolaimidae","Omnivores",5,7.575,7.303
,"Paratimminema","Thornenematidae","Omnivores",5,0.15,1.167
,"Paratimmus","Mydonomidae","Omnivores",4,0.999,2.356
"类缢咽属","Paraxonchium","Paraxonchiidae","Omnivores",4,5.232,4.909
,"Paroriverutus","Nordiidae","Omnivores",4,1.504,2.868
,"Paroxybelondira","Swangeriidae","Omnivores",,,3.504
,"Paroxydirus","Swangeriidae","Omnivores",,,3.504
,"Poronemella","Crateronematidae","Omnivores",4,,0.793
,"Practinocephalus","Actinolaimidae","Omnivores",5,,7.303
,"Prodorylaimium","Dorylaimidae","Omnivores",4,1.9,10.305
"前矛线属","Prodorylaimus","Dorylaimidae","Omnivores",4,5.631,10.305
,"Prothornema","Thornenematidae","Omnivores",5,,1.167
,"Protodorylaimus","Dorylaimidae","Omnivores",4,,10.305
,"Pungentella","Nordiidae","Omnivores",4,0.267,2.868
"螯属","Pungentus","Nordiidae","Omnivores",4,1.935,2.868
,"Qudsiella","Swangeriidae","Omnivores",4,0.626,3.504
,"Ramphidorylaimus","Paraxonchiidae","Omnivores",4,,4.909
,"Rhinodorylaimus","Dorylaimidae","Omnivores",5,2.376,10.305
,"Rhyssocolpus","Nordiidae","Omnivores",4,2.583,2.868
,"Roqueus","Swangeriidae","Omnivores",,5.001,3.504
,"Saevadorella","Nordiidae","Omnivores",4,0.096,2.868
,"Scalpelus","Dorylaimidae","Omnivores",4,3.348,10.305
,"Scapidens","Aporcelaimidae","Omnivores",5,,23.538
,"Scleroactinolaimus","Actinolaimidae","Omnivores",5,,7.303
,"Sclerodorylaimus","Dorylaimidae","Omnivores",5,,10.305
,"Sclerolabia","Thornenematidae","Omnivores",5,,1.167
"扁腔属","Sectonema","Aporcelaimidae","Omnivores",5,53.299,23.538
,"Sicaguttur","Thornenematidae","Omnivores",5,1.711,1.167
,"Sicorinema","Crateronematidae","Omnivores",4,0.338,0.793
,"Sicorinemella","Crateronematidae","Omnivores",4,,0.793
,"Silvallis","Aporcelaimidae","Omnivores",5,,23.538
,"Skibbenema","Dorylaimidae","Omnivores",4,,10.305
,"Sphaeroamphis","Thorniidae","Omnivores",4,1.266,1.076
,"Stenodorylaimus","Nordiidae","Omnivores",4,19.23,2.868
,"Stopractinca","Actinolaimidae","Omnivores",5,,7.303
,"Talanema","Qudsianematidae","Omnivores",4,2.728,2.849
,"Tendinema","Paraxonchiidae","Omnivores",4,,4.909
"索努斯属","Thonus","Dorylaimidae","Omnivores",4,1.891,10.305
,"Thornedia","Nordiidae","Omnivores",4,,2.868
"拟桑尼属","Thorneella","Thorniidae","Omnivores",4,2.195,1.076
,"Thornenema","Thornenematidae","Omnivores",5,1.081,1.167
"桑尼属","Thornia","Thorniidae","Omnivores",4,0.875,1.076
,"Thorniosa","Thorniidae","Omnivores",4,0.968,1.076
,"Timminema","Thornenematidae","Omnivores",5,,1.167
,"Timmus","Mydonomidae","Omnivores",4,,2.356
"图鲁玛那瓦属","Torumanawa","Dorylaimidae","Omnivores",4,3.013,10.305
,"Trachactinolaimus","Actinolaimidae","Omnivores",5,3.708,7.303
,"Trachypleurosum","Actinolaimidae","Omnivores",4,2.824,7.303
,"Tubixaba","Aporcelaimidae","Omnivores",5,21.815,23.538
,"Willinema","Thornenematidae","Omnivores",5,0,1.167
,"Cylicospirura","Spirocercidae","Parasites of cats",,,1758.656
,"Cladocephalus","Aulolaimoididae","Unknown",4,,0.481
,"Achlysiella","Pratylenchidae","Plant feeders",3,,1.871
,"Acontylus","Hoplolaimidae","Plant feeders",3,0.399,0.593
,"Afenestrata","Heteroderidae","Plant feeders",3,,82.654
,"Afrina","Anguinidae","Plant feeders",2,5.269,6.368
"野外垫刃属","Aglenchus","Tylenchidae","Plant feeders",2,0.082,0.158
,"Allotrichodorus","Trichodoridae","Plant feeders",4,,0.906
,"Allotylenchus","Tylenchidae","Plant feeders",2,0.121,0.158
,"Amphisbaenema","Criconematidae","Plant feeders",3,,0.557
,"Amplimerlinius","Merliniidae","Plant feeders",3,1.062,0.59
,"Anguina","Anguinidae","Plant feeders",2,27.669,6.368
,"Antarctenchus","Tylenchidae","Plant feeders",2,0.516,0.158
,"Antarctylus","Hoplolaimidae","Plant feeders",3,,0.593
,"Aorolaimus","Hoplolaimidae","Plant feeders",3,0.554,0.593
,"Aphasmatylenchus","Hoplolaimidae","Plant feeders",3,1.952,0.593
,"Apratylenchoides","Pratylenchidae","Plant feeders",3,0.139,1.871
,"Apratylenchus","Pratylenchidae","Plant feeders",3,0.112,1.871
,"Arboritynchus","Tylenchidae","Plant feeders",2,2.234,0.158
,"Atalodera","Heteroderidae","Plant feeders",3,69.607,82.654
,"Atetylenchus","Tylenchidae","Plant feeders",2,0.331,0.158
,"Atylenchus","Tylenchidae","Plant feeders",2,0.116,0.158
,"Australodorus","Longidoridae","Plant feeders",5,7.473,12.378
,"Axodorylaimellus","Dorylaimellidae","Plant feeders",5,0.122,0.289
"缢咽属","Axonchium","Belondiridae","Plant feeders",5,2.737,5.011
,"Bakernema","Criconematidae","Plant feeders",3,,0.557
,"Basiliophora","Tylenchidae","Plant feeders",2,,0.158
"巴兹尔属","Basiria","Tylenchidae","Plant feeders",2,0.151,0.158
,"Basirienchus","Tylenchidae","Plant feeders",2,,0.158
,"Bellodera","Heteroderidae","Plant feeders",3,,82.654
,"Belondirella","Belondiridae","Plant feeders",5,,5.011
"颚针属","Belondira","Belondiridae","Plant feeders",5,1.242,5.011
"刺属","Belonolaimus","Dolichodoridae","Plant feeders",3,1.874,0.569
,"Betulodera","Heteroderidae","Plant feeders",3,134.895,82.654
,"Bilobodera","Heteroderidae","Plant feeders",3,,82.654
"双垫刃属","Bitylenchus","Dolichodoridae","Plant feeders",3,0.314,0.569
,"Blandicephalonema","Criconematidae","Plant feeders",3,,0.557
"散香属","Boleodorus","Tylenchidae","Plant feeders",2,0.1,0.158
"叉针属","Boleodorus","Tylenchidae","Plant feeders",2,0.1,0.158
,"Boomerangia","Tylenchulidae","Plant feeders",,0.086,0.775
"矮针属","Brachydorus","Dolichodoridae","Plant feeders",3,0.974,0.569
,"Bursadera","Heteroderidae","Plant feeders",3,,82.654
,"Bursaphelenchus","Aphelenchoididae","Plant feeders",2,0.252,0.207
,"Cacopaurus","Tylenchulidae","Plant feeders",2,0.138,0.775
,"Cactodera","Heteroderidae","Plant feeders",3,39.397,82.654
,"Caloosia","Hemicycliophoridae","Plant feeders",3,0.726,0.878
,"Camelodera","Heteroderidae","Plant feeders",3,,82.654
,"Campbellenchus","Tylenchidae","Plant feeders",2,0.393,0.158
,"Carphodorus","Dolichodoridae","Plant feeders",3,0.574,0.569
"头垫刃属","Cephalenchus","Tylenchidae","Plant feeders",2,0.116,0.158
,"Cervoannulatus","Tylenchidae","Plant feeders",2,0.074,0.158
,"Chilenchus","Tylenchidae","Plant feeders",2,0.105,0.158
,"Chitinotylenchus","Anguinidae","Plant feeders",2,,6.368
"具脊垫刃属","Coslenchus","Tylenchidae","Plant feeders",2,0.1,0.158
,"Cotylenchus","Anguinidae","Plant feeders",2,0.258,6.368
"环属","Criconema","Criconematidae","Plant feeders",3,0.645,0.557
,"Criconemella","Criconematidae","Plant feeders",3,,0.557
"轮属","Criconemoides","Criconematidae","Plant feeders",3,0.643,0.557
,"Croserinema","Criconematidae","Plant feeders",3,1.638,0.557
,"Crossonema","Criconematidae","Plant feeders",3,0.999,0.557
,"Cryphodera","Heteroderidae","Plant feeders",3,9.336,82.654
,"Cucullitylenchus","Tylenchidae","Plant feeders",2,0.041,0.158
,"Cynipanguina","Anguinidae","Plant feeders",2,,6.368
,"Diptenchus","Anguinidae","Plant feeders",2,,6.368
,"Discocriconemella","Criconematidae","Plant feeders",3,0.338,0.557
,"Discopersicus","Tylenchidae","Plant feeders",2,0.149,0.158
,"Discotylenchus","Tylenchidae","Plant feeders",2,0.047,0.158
"茎属","Ditylenchus","Anguinidae","Plant feeders",2,0.363,6.368
,"Dolichodera","Heteroderidae","Plant feeders",3,7.996,82.654
"锥属","Dolichodorus","Dolichodoridae","Plant feeders",3,2.968,0.569
"长吻属","Dolichorhynchus","Telotylenchidae","Plant feeders",3,0.499,0.569
"牙咽属","Dorylaimellus","Dorylaimellidae","Plant feeders",5,0.303,0.289
,"Duotylenchus","Tylenchidae","Plant feeders",2,,0.158
"突腔唇属","Ecphyadophora","Tylenchidae","Plant feeders",2,0.02,0.158
,"Ecphyadophoroides","Tylenchidae","Plant feeders",2,0.037,0.158
,"Ecuadorus","Trichodoridae","Plant feeders",4,,0.906
,"Ekphymatodera","Heteroderidae","Plant feeders",3,,82.654
,"Epicharinema","Tylenchidae","Plant feeders",2,0.165,0.158
,"Eutylenchus","Tylenchidae","Plant feeders",2,0.188,0.158
,"Fergusobia","Neotylenchidae","Plant feeders",2,1.191,0.85
,"Ficophagus","Aphelenchoididae","Plant feeders",2,0.218,0.207
,"Ficotylus","Anguinidae","Plant feeders",2,0.139,6.368
,"Fraglenchus","Tylenchidae","Plant feeders",2,0.044,0.158
,"Geocenamus","Merliniidae","Plant feeders",3,0.585,0.59
,"Globodera","Heteroderidae","Plant feeders",3,58.443,82.654
,"Goodeyella","Tylenchulidae","Plant feeders",3,,0.775
,"Gracilacus","Tylenchulidae","Plant feeders",2,0.037,0.775
,"Gracilancea","Tylenchidae","Plant feeders",2,0.576,0.158
,"Halenchus","Anguinidae","Plant feeders",2,0.65,6.368
,"Helicobelondira","Belondiridae","Plant feeders",,,5.011
"螺旋属","Helicotylenchus","Hoplolaimidae","Plant feeders",3,0.294,0.593
,"Hemicaloosia","Hemicycliophoridae","Plant feeders",3,0.459,0.878
"半轮属","Hemicriconemoides","Criconematidae","Plant feeders",3,0.413,0.557
"鞘属","Hemicycliophora","Hemicycliophoridae","Plant feeders",3,0.938,0.878
"异皮属","Heterodera","Heteroderidae","Plant feeders",3,86.146,82.654
"潜根属","Hirschmanniella","Pratylenchidae","Plant feeders",3,1.817,1.871
,"Histotylenchus","Telotylenchidae","Plant feeders",3,0.548,0.569
,"Hoplolaimus","Hoplolaimidae","Plant feeders",3,1.968,0.593
,"Hoplotylus","Pratylenchidae","Plant feeders",3,0.21,1.871
,"Hylonema","Heteroderidae","Plant feeders",3,,82.654
,"Ibadanus","Dorylaimellidae","Plant feeders",5,,0.289
,"Ibipora","Dolichodoridae","Plant feeders",3,1.418,0.569
,"Immanigula","Belondiridae","Plant feeders",5,10.439,5.011
,"Indoditylenchus","Anguinidae","Plant feeders",2,,6.368
,"Irantylenchus","Tylenchidae","Plant feeders",2,0.273,0.158
,"Labrys","Tylenchidae","Plant feeders",2,0.042,0.158
,"Laimaphelenchus","Aphelenchoididae","Plant feeders",2,0.209,0.207
"细纹垫刃属","Lelenchus","Tylenchidae","Plant feeders",2,0.047,0.158
,"Litylenchus","Anguinidae","Plant feeders",2,0.281,6.368
,"Lobocriconema","Criconematidae","Plant feeders",3,,0.557
"短体长针属","Longidorella","Nordiidae","Plant feeders",4,0.595,2.868
,"Longidoroides","Longidoridae","Plant feeders",5,,12.378
"长针属","Longidorus","Longidoridae","Plant feeders",5,14.572,12.378
"卢夫属","Loofia","Hemicycliophoridae","Plant feeders",3,,0.878
,"Luella","Paurodontidae","Plant feeders",2,,0.194
,"Macrotrophurus","Dolichodoridae","Plant feeders",3,1.385,0.569
"剑尾垫刃属","Malenchus","Tylenchidae","Plant feeders",2,0.08,0.158
,"Martininema","Aphelenchoididae","Plant feeders",2,0.099,0.207
,"Meiodorus","Dolichodoridae","Plant feeders",3,0.436,0.569
,"Meloidodera","Heteroderidae","Plant feeders",3,34.138,82.654
,"Meloidoderella","Meloidogynidae","Plant feeders",3,,78
,"Meloidoderita","Tylenchulidae","Plant feeders",3,15.434,0.775
"根结属","Meloidogyne","Meloidogynidae","Plant feeders",3,78,78
,"Meloinema","Heteroderidae","Plant feeders",3,740.343,82.654
"默林属","Merlinius","Merliniidae","Plant feeders",3,0.253,0.59
,"Mesoanguina","Anguinidae","Plant feeders",2,9.419,6.368
,"Mesocriconema","Criconematidae","Plant feeders",3,0.5,0.557
,"Mesodolichodera","Heteroderidae","Plant feeders",3,,82.654
,"Mesodorylaimellus","Dorylaimellidae","Plant feeders",5,,0.289
,"Metaxonchium","Belondiridae","Plant feeders",5,8.071,5.011
,"Miculenchus","Tylenchidae","Plant feeders",2,0.081,0.158
,"Mitranema","Tylenchidae","Plant feeders",2,0.04,0.158
,"Monotrichodorus","Trichodoridae","Plant feeders",3,,0.906
,"Morulaimus","Dolichodoridae","Plant feeders",3,0.964,0.569
,"Mukazia","Tylenchidae","Plant feeders",2,,0.158
,"Nacobbodera","Heteroderidae","Plant feeders",3,,82.654
,"Nacobbus","Pratylenchidae","Plant feeders",3,66.459,1.871
"那格尔属","Nagelus","Merliniidae","Plant feeders",3,0.67,0.59
,"Nanidorus","Trichodoridae","Plant feeders",3,0.471,0.906
,"Neobakernema","Criconematidae","Plant feeders",3,,0.557
,"Neoditylenchus","Anguinidae","Plant feeders",2,,6.368
,"Neodolichodorus","Dolichodoridae","Plant feeders",3,2.919,0.569
,"Neodolichorhynchus","Telotylenchidae","Plant feeders",3,0.295,0.569
,"Neohalenchus","Anguinidae","Plant feeders",2,,6.368
,"Neolobocriconema","Criconematidae","Plant feeders",3,1.29,0.557
,"Neopsilenchus","Tylenchidae","Plant feeders",2,0.168,0.158
,"Neothada","Tylenchidae","Plant feeders",2,0.129,0.158
,"Nimigula","Belondiridae","Plant feeders",5,5.211,5.011
,"Nothanguina","Anguinidae","Plant feeders",2,,6.368
,"Nothocriconema","Criconematidae","Plant feeders",3,,0.557
,"Nothocriconemoides","Criconematidae","Plant feeders",3,1.237,0.557
"沟环属","Ogma","Criconematidae","Plant feeders",3,0.715,0.557
,"Opailaimus","Belondiridae","Plant feeders",5,0.262,5.011
,"Orphreyus","Criconematidae","Plant feeders",3,,0.557
,"Orrina","Anguinidae","Plant feeders",2,,6.368
,"Ottolenchus","Tylenchidae","Plant feeders",2,0.057,0.158
,"Paraditylenchus","Anguinidae","Plant feeders",2,0.062,6.368
,"Paradolichodera","Heteroderidae","Plant feeders",3,22.887,82.654
,"Paralongidorus","Longidoridae","Plant feeders",5,22.629,12.378
,"Paramerlinius","Merliniidae","Plant feeders",3,,0.59
"拟盘旋属","Pararotylenchus","Hoplolaimidae","Plant feeders",3,0.938,0.593
"拟毛刺属","Paratrichodorus","Trichodoridae","Plant feeders",4,0.747,0.906
,"Paratrophurus","Telotylenchidae","Plant feeders",3,0.321,0.569
"针属","Paratylenchus","Tylenchulidae","Plant feeders",2,0.05,0.775
,"Paraxiphidorus","Longidoridae","Plant feeders",5,13.953,12.378
,"Pateracephalonema","Criconematidae","Plant feeders",3,,0.557
,"Phallaxonchium","Belondiridae","Plant feeders",5,1.569,5.011
,"Pleurotylenchus","Tylenchidae","Plant feeders",2,0.163,0.158
,"Polenchus","Tylenchidae","Plant feeders",2,0.117,0.158
,"Pratylenchoides","Merliniidae","Plant feeders",3,0.381,0.59
"短体属","Pratylenchus","Pratylenchidae","Plant feeders",3,0.143,1.871
,"Probelondira","Belondiridae","Plant feeders",5,0.55,5.011
"假海滨属","Pseudhalenchus","Anguinidae","Plant feeders",2,0.07,6.368
"裸矛属","Psilenchus","Tylenchidae","Plant feeders",2,0.552,0.158
,"Pterotylenchus","Anguinidae","Plant feeders",2,0.258,6.368
,"Punctodera","Heteroderidae","Plant feeders",3,30.152,82.654
,"Quinisulcius","Telotylenchidae","Plant feeders",3,0.204,0.569
,"Radopholoides","Pratylenchidae","Plant feeders",3,0.086,1.871
"穿孔属","Radopholus","Pratylenchidae","Plant feeders",3,0.212,1.871
,"Rhizonemella","Heteroderidae","Plant feeders",3,,82.654
,"Ridgellus","Tylenchidae","Plant feeders",2,0.102,0.158
"肾状属","Rotylenchulus","Hoplolaimidae","Plant feeders",3,1.708,0.593
"盘旋属","Rotylenchus","Hoplolaimidae","Plant feeders",3,0.851,0.593
,"Safianema","Anguinidae","Plant feeders",2,0.14,6.368
,"Sakia","Tylenchidae","Plant feeders",2,0.064,0.158
"沙丽属","Sarisodera","Heteroderidae","Plant feeders",3,,82.654
,"Sauertylenchus","Telotylenchidae","Plant feeders",3,0.951,0.569
,"Schistonchus","Aphelenchoididae","Plant feeders",2,0.144,0.207
"盾线属","Scutellonema","Hoplolaimidae","Plant feeders",3,0.498,0.593
,"Scutylenchus","Merliniidae","Plant feeders",3,0.412,0.59
,"Senegalonema","Hoplolaimidae","Plant feeders",3,,0.593
,"Siddiqia","Longidoridae","Plant feeders",5,54.899,12.378
,"Sigmolenchus","Tylenchidae","Plant feeders",2,0.036,0.158
,"Silenchus","Tylenchidae","Plant feeders",2,0.123,0.158
,"Sphaeronema","Tylenchulidae","Plant feeders",3,4.328,0.775
,"Subanguina","Anguinidae","Plant feeders",2,4.125,6.368
"峡瓣属","Swangeria","Belondiridae","Plant feeders",5,0.505,5.011
,"Sychnotylenchus","Anguinidae","Plant feeders",2,0.37,6.368
,"Syncheilaxonchium","Belondiridae","Plant feeders",5,5.08,5.011
,"Tanzanius","Tylenchidae","Plant feeders",2,0.025,0.158
,"Telotylenchus","Telotylenchidae","Plant feeders",3,0.315,0.569
"类突腔唇属","Tenunemellus","Tylenchidae","Plant feeders",2,0.043,0.158
,"Tetylenchus","Dolichodoridae","Plant feeders",3,,0.569
,"Thada","Tylenchidae","Plant feeders",2,0.089,0.158
,"Thecavermiculatus","Heteroderidae","Plant feeders",3,,82.654
,"Tremonema","Tylenchidae","Plant feeders",2,0.029,0.158
"毛刺属","Trichodorus","Trichodoridae","Plant feeders",4,0.987,0.906
,"Trichotylenchus","Dolichodoridae","Plant feeders",3,0.209,0.569
,"Triversus","Dolichodoridae","Plant feeders",3,,0.569
,"Trophonema","Tylenchulidae","Plant feeders",3,,0.775
,"Trophotylenchulus","Tylenchulidae","Plant feeders",3,0.809,0.775
,"Trophurus","Telotylenchidae","Plant feeders",3,0.278,0.569
,"Tumiota","Sphaeronematidae","Plant feeders",3,,
,"Tylenchocriconema","Tylenchulidae","Plant feeders",2,0.061,0.775
"矮化属","Tylenchorhynchus","Telotylenchidae","Plant feeders",3,0.231,0.569
,"Tylenchulus","Tylenchulidae","Plant feeders",3,0.97,0.775
"垫刃属","Tylenchus","Tylenchidae","Plant feeders",2,0.36,0.158
,"Tylodorus","Tylenchidae","Plant feeders",2,1.24,0.158
,"Uliginotylenchus","Telotylenchidae","Plant feeders",3,0.368,0.569
,"Ultratenella","Tylenchidae","Plant feeders",2,0.016,0.158
,"Verutus","Heteroderidae","Plant feeders",3,,82.654
,"Vittatidera","Heteroderidae","Plant feeders",3,,82.654
,"Xenocriconemella","Criconematidae","Plant feeders",,0,0.557
,"Xiphidorus","Longidoridae","Plant feeders",5,0,12.378
"剑属","Xiphinema","Longidoridae","Plant feeders",5,0,12.378
,"Zeatylenchus","Anguinidae","Plant feeders",2,0,6.368
,"Zygotylenchus","Pratylenchidae","Plant feeders",3,0,1.871
,"Zygradus","Pratylenchidae","Plant feeders",3,,1.871
,"Oxybelondira","Swangeriidae","Unknown",5,0.837,3.504
,"Abunema","Tripylidae","Predators",3,,3.396
,"Actus","Mylonchulidae","Predators",4,1.935,1.87
,"Aetholaimus","Nygolaimidae","Predators",5,2.168,4.155
,"Afronygus","Nygolaimidae","Predators",5,,4.155
,"Allodorylaimus","Qudsianematidae","Predators",4,3.824,2.849
,"Amblydorylaimus","Aporcelaimidae","Predators",4,17.633,23.538
"倒齿属","Anatonchus","Anatonchidae","Predators",4,9.694,7.385
,"Antholaimus","Qudsianematidae","Predators",4,3.12,2.849
,"Aquatides","Nygolaimidae","Predators",5,5.254,4.155
,"Arctidorylaimus","Qudsianematidae","Predators",4,45.517,2.849
,"Asperotobrilus","Tobrilidae","Predators",3,,6.195
,"Baqriella","Qudsianematidae","Predators",4,0.407,2.849
,"Bathyodontus","Bathyodontidae","Predators",4,1.743,1.725
,"Boreolaimus","Qudsianematidae","Predators",4,2.968,2.849
,"Brachonchulus","Mylonchulidae","Predators",4,1.098,1.87
,"Brevitobrilus","Tobrilidae","Predators",3,,6.195
,"Caprionchulus","Onchulidae","Predators",3,,1.841
,"Carcharodiscus","Qudsianematidae","Predators",4,2.694,2.849
,"Carcharoides","Qudsianematidae","Predators",4,,2.849
"锐咽属","Carcharolaimus","Qudsianematidae","Predators",4,3.727,2.849
,"Caribenema","Qudsianematidae","Predators",4,,2.849
,"Caryboca","Qudsianematidae","Predators",4,,2.849
,"Choanolaimus","Selachinematidae","Predators",,9.41,5.665
"克拉克属","Clarkus","Mononchidae","Predators",4,3.897,7.452
,"Clavicauda","Nygolaimidae","Predators",5,,4.155
,"Clavicaudoides","Nygolaimidae","Predators",5,0.351,4.155
,"Cobbonchulus","Cobbonchidae","Predators",4,,4.103
"卡勃属","Cobbonchus","Cobbonchidae","Predators",4,4.103,4.103
"同等齿属","Comiconchus","Cobbonchidae","Predators",4,,4.103
"库曼属","Coomansus","Mononchidae","Predators",4,6.671,7.452
,"Crassibucca","Anatonchidae","Predators",4,,7.385
,"Crestonchulus","Mylonchulidae","Predators",4,,1.87
,"Cryptonchus","Bathyodontidae","Predators",4,1.539,1.725
,"Devibursaphelenchus","Aphelenchoididae","Predators",2,0.217,0.207
"狭咽属","Discolaimium","Qudsianematidae","Predators",4,1.191,2.849
,"Discolaimoides","Qudsianematidae","Predators",4,1.188,2.849
"盘咽属","Discolaimus","Qudsianematidae","Predators",4,2.718,2.849
,"Doronchus","Anatonchidae","Predators",4,,7.385
,"Dorydorella","Qudsianematidae","Predators",4,1.577,2.849
"拟矛线属","Dorylaimoides","Mydonomidae","Predators",4,1.101,2.356
,"Ecumenicus","Qudsianematidae","Predators",4,0.635,2.849
,"Ektaphelenchoides","Aphelenchoididae","Predators",2,0.212,0.207
,"Ektaphelenchus","Aphelenchoididae","Predators",2,0.226,0.207
"表矛线属","Epidorylaimus","Qudsianematidae","Predators",4,1.892,2.849
,"Epitobrilus","Tobrilidae","Predators",3,8.037,6.195
"真矛属","Eudorylaimus","Qudsianematidae","Predators",4,3.135,2.849
,"Eutobrilus","Tobrilidae","Predators",3,1.727,6.195
,"Feroxides","Nygolaimidae","Predators",5,,4.155
,"Filidiscolaimus","Qudsianematidae","Predators",4,,2.849
"大齿属","Granonchulus","Mylonchulidae","Predators",4,4.102,1.87
,"Hadronchus","Iotonchidae","Predators",,,6.799
,"Iotonchulus","Iotonchidae","Predators",4,4.978,6.799
"基齿属","Iotonchus","Iotonchidae","Predators",4,6.917,6.799
,"Judonchulus","Mylonchulidae","Predators",4,1.253,1.87
,"Kallidorylaimus","Qudsianematidae","Predators",4,0.491,2.849
,"Kinonchulus","Onchulidae","Predators",3,,1.841
,"Kolodorylaimus","Qudsianematidae","Predators",4,3.931,2.849
,"Kurikania","Tobrilidae","Predators",3,,6.195
,"Laevides","Nygolaimidae","Predators",5,19.469,4.155
,"Lamuania","Tobrilidae","Predators",3,,6.195
,"Latocephalus","Qudsianematidae","Predators",4,,2.849
,"Limonchulus","Onchulidae","Predators",3,1.14,1.841
,"Lindseyus","Swangeriidae","Predators",5,12.297,3.504
,"Margaronchuloides","Mylonchulidae","Predators",4,,1.87
,"Margaronchulus","Mylonchulidae","Predators",4,0.339,1.87
,"Megaonchulus","Mylonchulidae","Predators",4,1.015,1.87
,"Mesotobrilus","Tobrilidae","Predators",3,,6.195
,"Micatonchus","Anatonchidae","Predators",4,,7.385
"等齿属","Miconchus","Anatonchidae","Predators",4,4.782,7.385
"小矛线属","Microdorylaimus","Qudsianematidae","Predators",4,0.201,2.849
,"Mirolaimus","Bathyodontidae","Predators",4,,1.725
"单棘属","Mononchulus","Mononchulidae","Predators",4,0.982,0.831
"单齿属","Mononchus","Mononchidae","Predators",4,6.38,7.452
,"Mulveyellus","Iotonchidae","Predators",4,3.524,6.799
,"Mylodiscoides","Qudsianematidae","Predators",4,,2.849
"钵盘属","Mylodiscus","Qudsianematidae","Predators",4,1.639,2.849
"锉齿属","Mylonchulus","Mylonchulidae","Predators",4,1.846,1.87
,"Neotobrilus","Tobrilidae","Predators",3,5.415,6.195
,"Nigronchus","Mononchidae","Predators",4,,7.452
,"Nullonchus","Iotonchidae","Predators",,12.189,6.799
,"Nygellus","Nygellidae","Predators",5,0.443,0.443
"小穿咽属","Nygolaimellus","Nygolaimidae","Predators",5,4.815,4.155
,"Nygolaimoides","Nygolaimidae","Predators",5,2.735,4.155
"穿咽属","Nygolaimus","Nygolaimidae","Predators",5,4.758,4.155
"齿咽属","Odontopharynx","Odontopharyngidae","Predators",1,0.882,0.882
,"Oionchus","Mononchulidae","Predators",4,0.838,0.831
,"Oligonchulus","Mylonchulidae","Predators",4,0.989,1.87
,"Onchulus","Onchulidae","Predators",3,2.537,1.841
"丝尾属","Oxydirus","Swangeriidae","Predators",5,1.878,3.504
,"Paracrassibucca","Anatonchidae","Predators",4,1.219,7.385
,"Paractinolaimoides","Actinolaimidae","Predators",5,,7.303
"拟角咽属","Paractinolaimus","Actinolaimidae","Predators",5,6.914,7.303
,"Parahadronchus","Iotonchidae","Predators",4,7.026,6.799
,"Paramononchus","Mononchidae","Predators",4,18.684,7.452
,"Paramylonchulus","Mylonchulidae","Predators",4,0.6,1.87
,"Paranygolaimus","Nygolaimidae","Predators",5,,4.155
,"Paraoxybelondira","Swangeriidae","Predators",5,,3.504
,"Paraoxydirus","Swangeriidae","Predators",5,,3.504
,"Parasitaphelenchus","Aphelenchoididae","Predators",2,,0.207
,"Paratobrilus","Tobrilidae","Predators",3,,6.195
,"Paratripyla","Tripylidae","Predators",3,,3.396
,"Paravulvus","Nygolaimidae","Predators",5,1.164,4.155
"小帕克属","Parkellus","Mononchidae","Predators",4,11.331,7.452
,"Polyonchulus","Mylonchulidae","Predators",4,0.727,1.87
,"Potensaphelenchus","Aphelenchoididae","Predators",2,0.553,0.207
,"Prionchulellus","Iotonchidae","Predators",,,6.799
,"Prionchuloides","Mylonchulidae","Predators",4,,1.87
"锯齿属","Prionchulus","Mononchidae","Predators",4,11.633,7.452
,"Pristionchus","Diplogastridae","Predators",1,6.292,2.388
,"Promiconchus","Anatonchidae","Predators",4,,7.385
,"Pronygolaimus","Nygolaimidae","Predators",5,,4.155
,"Pseudonchulus","Onchulidae","Predators",3,4.364,1.841
,"Quasitobrilus","Tobrilidae","Predators",3,,6.195
,"Rafflesius","Qudsianematidae","Predators",4,0.702,2.849
,"Raritobrilus","Tobrilidae","Predators",3,,6.195
,"Salimella","Qudsianematidae","Predators",4,,2.849
,"Seinura","Aphelenchoididae","Predators",2,0.261,0.207
,"Semitobrilus","Tobrilidae","Predators",3,4.137,6.195
,"Setsalia","Tobrilidae","Predators",3,,6.195
,"Solididens","Nygolaimidae","Predators",5,,4.155
,"Sporonchulus","Mylonchulidae","Predators",4,2.088,1.87
,"Stenonchulus","Onchulidae","Predators",3,0.493,1.841
,"Stephanium","Mononchulidae","Predators",4,0.485,0.831
,"Stomacholaimus","Qudsianematidae","Predators",4,0.667,2.849
,"Tigronchoides","Anatonchidae","Predators",4,,7.385
,"Tobrilia","Tripylidae","Predators",3,0.169,3.396
,"Tobriloides","Onchulidae","Predators",3,1.575,1.841
,"Tobrilonchulus","Onchulidae","Predators",3,2.087,1.841
"托布利属","Tobrilus","Tobrilidae","Predators",3,6.858,6.195
,"Tricaenonchus","Cobbonchidae","Predators",4,,4.103
"三孔属","Tripyla","Tripylidae","Predators",3,4.735,3.396
,"Tripylella","Tripylidae","Predators",3,0.741,3.396
,"Tripylina","Trischistomatidae","Predators",3,1.422,1.309
"三裂体属","Trischistoma","Trischistomatidae","Predators",3,1.042,1.309
,"Truxonchus","Anatonchidae","Predators",4,,7.385
,"Westindicus","Actinolaimidae","Predators",5,0,7.303
,"Zullinius","Odontopharyngidae","Predators",1,,0.882
,"Epsilonema","Epsilonematidae","Unknown",4,0.242,1.242
,"Amphibelondira","Belondiridae","Unknown",,0.576,5.011
,"Anchobelondira","Belondiridae","Unknown",,,5.011
,"Axonchoides","Belondiridae","Unknown",,4.195,5.011
,"Belaxellus","Belondiridae","Unknown",,3.145,5.011
,"Bullaenema","Belondiridae","Unknown",,,5.011
,"Dactyluraxonchium","Belondiridae","Unknown",,,5.011
,"Heynsaxonchium","Belondiridae","Unknown",,,5.011
,"Uniqaxonchium","Belondiridae","Unknown",,,5.011
,"Abursanema","Paurodontidae","Unknown",,,0.194
,"Alaeuris","Pharyngodonidae","Unknown",,,568.973
,"Allodiplogaster","Diplogastridae","Unknown",,,2.388
,"Anchidiplogaster","Diplogastridae","Unknown",,,2.388
,"Aonchotheca","Capillariidae","Unknown",,,57.668
,"Bathylaimus","Tripyloididae","Unknown",,,20.239
,"Caputonchus","Iotonchidae","Unknown",,,6.799
,"Cryonema","Monhysteridae","Unknown",,,0.691
,"Greeffiella","Desmoscolecidae","Unknown",,,7.782
,"Guyanema","Guyanemidae","Unknown",,169.015,3143.404
,"Hadronchuloides","Iotonchidae","Unknown",,,6.799
,"Hadronchulus","Iotonchidae","Unknown",,,6.799
,"Hofmaenneria","Sphaerolaimidae","Unknown",,3.056,7.415
,"Ipsaphelenchus","Aphelenchoididae","Unknown",,,0.207
,"Jaegerskioeldia","Leptosomatidae","Unknown",,,1806.723
,"Jensenonchus","Iotonchidae","Unknown",,,6.799
,"Metaraeolaimoides","Diplopeltidae","Unknown",,,1.786
,"Paronchulus","Onchulidae","Unknown",,,1.841
,"Porternema","Belondiridae","Unknown",,,5.011
,"Pseudotheristus","Monhysteridae","Unknown",,,0.691
,"Qudsialemellus","Belondiridae","Unknown",,,5.011
,"Rhinema","Monoposthiidae","Unknown",,,3.706
,"Tridentulus","Monhysteridae","Unknown",,,0.691
,"Tripylium","Monhysteridae","Unknown",,,0.691
